-- phpMyAdmin SQL Dump
-- version 5.2.1
-- https://www.phpmyadmin.net/
--
-- Host: localhost
-- Generation Time: Apr 06, 2025 at 07:07 AM
-- Server version: 10.4.32-MariaDB
-- PHP Version: 8.2.12

SET SQL_MODE = "NO_AUTO_VALUE_ON_ZERO";
START TRANSACTION;
SET time_zone = "+00:00";


/*!40101 SET @OLD_CHARACTER_SET_CLIENT=@@CHARACTER_SET_CLIENT */;
/*!40101 SET @OLD_CHARACTER_SET_RESULTS=@@CHARACTER_SET_RESULTS */;
/*!40101 SET @OLD_COLLATION_CONNECTION=@@COLLATION_CONNECTION */;
/*!40101 SET NAMES utf8mb4 */;

--
-- Database: `mangadeckDB`
--

-- --------------------------------------------------------

--
-- Table structure for table `authors`
--

CREATE TABLE `authors` (
  `id` bigint(20) UNSIGNED NOT NULL,
  `name` varchar(255) NOT NULL,
  `biography` text DEFAULT NULL,
  `birth_date` date DEFAULT NULL,
  `country` varchar(255) DEFAULT NULL,
  `created_at` timestamp NULL DEFAULT NULL,
  `updated_at` timestamp NULL DEFAULT NULL
) ENGINE=InnoDB DEFAULT CHARSET=utf8mb4 COLLATE=utf8mb4_unicode_ci;

--
-- Dumping data for table `authors`
--

INSERT INTO `authors` (`id`, `name`, `biography`, `birth_date`, `country`, `created_at`, `updated_at`) VALUES
(1, 'Takeru Hokazono', 'Creator of Kagurabachi.', '1969-12-06', 'Japan', '2025-04-05 20:49:10', '2025-04-05 20:49:10'),
(2, 'Sousuke Tooka', 'Creator of Ranking of Kings.', '1992-02-24', 'Japan', '2025-04-05 20:49:10', '2025-04-05 20:49:10'),
(3, 'Takaya Kagami', 'Creator of Seraph of the End: Vampire Reign.', '2002-05-12', 'Japan', '2025-04-05 20:49:10', '2025-04-05 20:49:10'),
(4, 'Yamato Yamamoto', 'Illustrator for Seraph of the End: Vampire Reign.', '1985-10-06', 'Japan', '2025-04-05 20:49:10', '2025-04-05 20:49:10'),
(5, 'Daisuke Furuya', 'Collaborator for Seraph of the End: Vampire Reign.', '2002-11-21', 'Japan', '2025-04-05 20:49:10', '2025-04-05 20:49:10'),
(6, 'Hajime Isayama', 'Creator of Attack on Titan.', '1986-11-16', 'Japan', '2025-04-05 20:49:10', '2025-04-05 20:49:10'),
(7, 'Kouji Miura', 'Creator of Blue Box.', '1967-01-07', 'Japan', '2025-04-05 20:49:10', '2025-04-05 20:49:10'),
(8, 'Saka Mikami', 'Creator of The Fragrant Flower Blooms With Dignity.', '1970-04-25', 'Japan', '2025-04-05 20:49:10', '2025-04-05 20:49:10'),
(9, 'Saeki-san', 'Creator of The Angel Next Door Spoils Me Rotten.', '1978-08-20', 'Japan', '2025-04-05 20:49:10', '2025-04-05 20:49:10'),
(10, 'Wan Shibata', 'Illustrator for The Angel Next Door Spoils Me Rotten.', '2001-08-22', 'Japan', '2025-04-05 20:49:10', '2025-04-05 20:49:10'),
(11, 'Shinichi Fukuda', 'Creator of My Dress-Up Darling.', '1967-02-19', 'Japan', '2025-04-05 20:49:10', '2025-04-05 20:49:10'),
(12, 'Iori', 'Creator of My Girlfriend is the best!.', '1998-10-18', 'Japan', '2025-04-05 20:49:10', '2025-04-05 20:49:10'),
(13, 'Takami Takada', 'Illustrator for My Girlfriend is the best!.', '1974-12-03', 'Japan', '2025-04-05 20:49:10', '2025-04-05 20:49:10'),
(14, 'Suu Morishita', 'Creator of A Sign of Affection.', '1975-07-10', 'Japan', '2025-04-05 20:49:10', '2025-04-05 20:49:10'),
(15, 'Karuho Shiina', 'Creator of Kimi ni Todoke: From Me to You.', '1978-11-09', 'Japan', '2025-04-05 20:49:10', '2025-04-05 20:49:10'),
(16, 'Io Sakisaka', 'Creator of Ao Haru Ride.', '1998-07-03', 'Japan', '2025-04-05 20:49:10', '2025-04-05 20:49:10'),
(17, 'Akumi Agitogi', 'Creator of My Happy Marriage.', '1988-08-30', 'Japan', '2025-04-05 20:49:10', '2025-04-05 20:49:10'),
(18, 'Rito Kousaka', 'Illustrator for My Happy Marriage.', '2002-07-31', 'Japan', '2025-04-05 20:49:10', '2025-04-05 20:49:10'),
(19, 'Kentaro Miura', 'Creator of Berserk.', '1984-08-16', 'Japan', '2025-04-05 20:49:10', '2025-04-05 20:49:10'),
(20, 'Studio Gaga', 'Studio for Berserk.', '1994-06-08', 'Japan', '2025-04-05 20:49:10', '2025-04-05 20:49:10'),
(21, 'Makoto Yukimura', 'Creator of Vinland Saga.', '1981-02-10', 'Japan', '2025-04-05 20:49:10', '2025-04-05 20:49:10'),
(22, 'Inio Asano', 'Creator of Goodnight Punpun.', '1995-01-15', 'Japan', '2025-04-05 20:49:10', '2025-04-05 20:49:10'),
(23, 'Shougo Kinugasa', 'Creator of Classroom of the Elite.', '1985-06-09', 'Japan', '2025-04-05 20:49:10', '2025-04-05 20:49:10'),
(24, 'Yuyu Ichino', 'Illustrator for Classroom of the Elite.', '1973-04-04', 'Japan', '2025-04-05 20:49:10', '2025-04-05 20:49:10'),
(25, 'Mashiro', 'Creator of Loving Yamada at LV999!.', '1990-05-06', 'Japan', '2025-04-05 20:49:10', '2025-04-05 20:49:10'),
(26, 'Azusa Banjou', 'Creator of I Think I Turned My Childhood Friend Into a Girl.', '1977-02-10', 'Japan', '2025-04-05 20:49:10', '2025-04-05 20:49:10'),
(27, 'Fujita', 'Creator of Wotakoi: Love is Hard for Otaku.', '1979-04-18', 'Japan', '2025-04-05 20:49:10', '2025-04-05 20:49:10'),
(28, 'Natsuki Kizu', 'Creator of Given.', '1983-10-22', 'Japan', '2025-04-05 20:49:10', '2025-04-05 20:49:10'),
(29, 'Fuse', 'Creator of That Time I Got Reincarnated as a Slime.', '1966-11-19', 'Japan', '2025-04-05 20:49:10', '2025-04-05 20:49:10'),
(30, 'Taiki Kawakami', 'Illustrator for That Time I Got Reincarnated as a Slime.', '1980-06-28', 'Japan', '2025-04-05 20:49:10', '2025-04-05 20:49:10'),
(31, 'Daisuke Aizawa', 'Creator of The Eminence in Shadow.', '2002-04-15', 'Japan', '2025-04-05 20:49:10', '2025-04-05 20:49:10'),
(32, 'Anri Sakano', 'Illustrator for The Eminence in Shadow.', '1987-08-02', 'Japan', '2025-04-05 20:49:10', '2025-04-05 20:49:10'),
(33, 'Kei Azumi', 'Creator of Tsukimichi: Moonlit Fantasy.', '1969-12-03', 'Japan', '2025-04-05 20:49:10', '2025-04-05 20:49:10'),
(34, 'Kotora Kino', 'Writer for Tsukimichi: Moonlit Fantasy.', '1989-10-02', 'Japan', '2025-04-05 20:49:10', '2025-04-05 20:49:10'),
(35, 'Kugane Maruyama', 'Creator of Overlord.', '1981-05-25', 'Japan', '2025-04-05 20:49:10', '2025-04-05 20:49:10'),
(36, 'Fugin Miyama', 'Illustrator for Overlord.', '1993-01-17', 'Japan', '2025-04-05 20:49:10', '2025-04-05 20:49:10'),
(37, 'Yoshiyuki Sadamoto', 'Creator of Neon Genesis Evangelion.', '1970-04-24', 'Japan', '2025-04-05 20:49:10', '2025-04-05 20:49:10'),
(38, 'Code:000', 'Creator of DARLING in the FRANXX.', '1991-11-23', 'Japan', '2025-04-05 20:49:10', '2025-04-05 20:49:10'),
(39, 'Kentarou Yabuki', 'Illustrator for DARLING in the FRANXX.', '1977-04-18', 'Japan', '2025-04-05 20:49:10', '2025-04-05 20:49:10'),
(40, 'Yoshiyuki Tomino', 'Creator of Mobile Suit Gundam: The Origin.', '1986-09-24', 'Japan', '2025-04-05 20:49:10', '2025-04-05 20:49:10'),
(41, 'Yoshikazu Yasuhiko', 'Illustrator for Mobile Suit Gundam: The Origin.', '1994-01-22', 'Japan', '2025-04-05 20:49:10', '2025-04-05 20:49:10'),
(42, 'Kazuki Nakashima', 'Creator of Tengen Toppa Gurren Lagann.', '1975-04-19', 'Japan', '2025-04-05 20:49:10', '2025-04-05 20:49:10'),
(43, 'Kotarou Mori', 'Illustrator for Tengen Toppa Gurren Lagann.', '1981-07-05', 'Japan', '2025-04-05 20:49:10', '2025-04-05 20:49:10'),
(44, 'Tomoki Izumi', 'Creator of Mieruko-chan.', '2005-03-12', 'Japan', '2025-04-05 20:49:10', '2025-04-05 20:49:10'),
(45, 'Kenichi Kondou', 'Creator of Dark Gathering.', '1979-11-04', 'Japan', '2025-04-05 20:49:10', '2025-04-05 20:49:10'),
(46, 'Anji Matono', 'Creator of The Hundred Ghost Stories That Led to My Death.', '1984-08-15', 'Japan', '2025-04-05 20:49:10', '2025-04-05 20:49:10'),
(47, 'Tsuina Miura', 'Creator of Ajin: Demi-Human.', '1979-03-05', 'Japan', '2025-04-05 20:49:10', '2025-04-05 20:49:10'),
(48, 'Gamon Sakurai', 'Illustrator for Ajin: Demi-Human.', '1966-02-08', 'Japan', '2025-04-05 20:49:10', '2025-04-05 20:49:10'),
(49, 'Muneyuki Kaneshiro', 'Creator of Blue Lock.', '1984-09-21', 'Japan', '2025-04-05 20:49:10', '2025-04-05 20:49:10'),
(50, 'Yuusuke Nomura', 'Illustrator for Blue Lock.', '1968-07-29', 'Japan', '2025-04-05 20:49:10', '2025-04-05 20:49:10'),
(51, 'Haruichi Furudate', 'Creator of Haikyu!!.', '1970-06-04', 'Japan', '2025-04-05 20:49:10', '2025-04-05 20:49:10'),
(52, 'Takehiko Inoue', 'Creator of Slam Dunk.', '1985-08-27', 'Japan', '2025-04-05 20:49:10', '2025-04-05 20:49:10'),
(53, 'George Morikawa', 'Creator of Hajime no Ippo.', '1998-05-12', 'Japan', '2025-04-05 20:49:10', '2025-04-05 20:49:10'),
(54, 'Yuuki Tabata', 'Creator of Black Clover.', '1984-11-30', 'Japan', '2025-04-05 20:49:10', '2025-04-05 20:49:10'),
(55, 'Takumi Fukui', 'Creator of Record of Ragnarok.', '2002-08-15', 'Japan', '2025-04-05 20:49:10', '2025-04-05 20:49:10'),
(56, 'Shinya Umemura', 'Writer for Record of Ragnarok.', '1983-03-16', 'Japan', '2025-04-05 20:49:10', '2025-04-05 20:49:10'),
(57, 'Ajichika', 'Illustrator for Record of Ragnarok.', '1997-02-25', 'Japan', '2025-04-05 20:49:10', '2025-04-05 20:49:10'),
(58, 'Fujino Omori', 'Creator of Wistoria: Wand and Sword.', '1990-08-21', 'Japan', '2025-04-05 20:49:10', '2025-04-05 20:49:10'),
(59, 'Toshi Aoi', 'Illustrator for Wistoria: Wand and Sword.', '2001-12-17', 'Japan', '2025-04-05 20:49:10', '2025-04-05 20:49:10'),
(60, 'Nakaba Suzuki', 'Creator of The Seven Deadly Sins.', '2001-08-10', 'Japan', '2025-04-05 20:49:10', '2025-04-05 20:49:10');

-- --------------------------------------------------------

--
-- Table structure for table `author_item`
--

CREATE TABLE `author_item` (
  `id` bigint(20) UNSIGNED NOT NULL,
  `author_id` bigint(20) UNSIGNED NOT NULL,
  `item_id` bigint(20) UNSIGNED NOT NULL,
  `role` varchar(255) DEFAULT NULL COMMENT 'Writer, Illustrator, etc.',
  `created_at` timestamp NULL DEFAULT NULL,
  `updated_at` timestamp NULL DEFAULT NULL
) ENGINE=InnoDB DEFAULT CHARSET=utf8mb4 COLLATE=utf8mb4_unicode_ci;

--
-- Dumping data for table `author_item`
--

INSERT INTO `author_item` (`id`, `author_id`, `item_id`, `role`, `created_at`, `updated_at`) VALUES
(61, 1, 1, 'Author', '2025-04-05 20:50:49', '2025-04-05 20:50:49'),
(62, 2, 2, 'Author', '2025-04-05 20:51:13', '2025-04-05 20:51:13'),
(63, 3, 3, 'Author', '2025-04-05 20:51:26', '2025-04-05 20:51:26'),
(64, 4, 3, 'Illustrator', '2025-04-05 20:51:26', '2025-04-05 20:51:26'),
(65, 5, 3, 'Collaborator', '2025-04-05 20:51:26', '2025-04-05 20:51:26'),
(67, 7, 5, 'Author', '2025-04-05 20:53:14', '2025-04-05 20:53:14'),
(68, 8, 6, 'Author', '2025-04-05 20:53:33', '2025-04-05 20:53:33'),
(69, 9, 7, 'Author', '2025-04-05 20:53:51', '2025-04-05 20:53:51'),
(70, 10, 7, 'Illustrator', '2025-04-05 20:53:51', '2025-04-05 20:53:51'),
(71, 11, 8, 'Author', '2025-04-05 20:54:14', '2025-04-05 20:54:14'),
(72, 12, 9, 'Author', '2025-04-05 20:54:34', '2025-04-05 20:54:34'),
(73, 13, 9, 'Illustrator', '2025-04-05 20:54:34', '2025-04-05 20:54:34'),
(74, 14, 10, 'Author', '2025-04-05 20:54:55', '2025-04-05 20:54:55'),
(75, 15, 11, 'Author', '2025-04-05 20:55:08', '2025-04-05 20:55:08'),
(76, 16, 12, 'Author', '2025-04-05 20:55:21', '2025-04-05 20:55:21'),
(77, 6, 4, 'Author', '2025-04-05 20:55:49', '2025-04-05 20:55:49'),
(78, 17, 13, 'Author', '2025-04-05 20:56:09', '2025-04-05 20:56:09'),
(79, 18, 13, 'Illustrator', '2025-04-05 20:56:09', '2025-04-05 20:56:09'),
(80, 19, 14, 'Author', '2025-04-05 20:56:33', '2025-04-05 20:56:33'),
(81, 20, 14, 'Studio', '2025-04-05 20:56:33', '2025-04-05 20:56:33'),
(82, 21, 15, 'Author', '2025-04-05 20:56:52', '2025-04-05 20:56:52'),
(83, 22, 16, 'Author', '2025-04-05 20:57:05', '2025-04-05 20:57:05'),
(84, 23, 17, 'Author', '2025-04-05 20:57:16', '2025-04-05 20:57:16'),
(85, 24, 17, 'Illustrator', '2025-04-05 20:57:16', '2025-04-05 20:57:16'),
(86, 25, 18, 'Author', '2025-04-05 20:57:45', '2025-04-05 20:57:45'),
(87, 26, 19, 'Author', '2025-04-05 20:58:00', '2025-04-05 20:58:00'),
(88, 27, 20, 'Author', '2025-04-05 20:58:09', '2025-04-05 20:58:09'),
(89, 28, 21, 'Author', '2025-04-05 20:58:25', '2025-04-05 20:58:25'),
(90, 29, 22, 'Author', '2025-04-05 20:58:51', '2025-04-05 20:58:51'),
(91, 30, 22, 'Illustrator', '2025-04-05 20:58:51', '2025-04-05 20:58:51'),
(92, 31, 23, 'Author', '2025-04-05 20:59:00', '2025-04-05 20:59:00'),
(93, 32, 23, 'Illustrator', '2025-04-05 20:59:00', '2025-04-05 20:59:00'),
(94, 33, 24, 'Author', '2025-04-05 20:59:12', '2025-04-05 20:59:12'),
(95, 34, 24, 'Writer', '2025-04-05 20:59:12', '2025-04-05 20:59:12'),
(96, 35, 25, 'Author', '2025-04-05 20:59:27', '2025-04-05 20:59:27'),
(97, 36, 25, 'Illustrator', '2025-04-05 20:59:27', '2025-04-05 20:59:27'),
(98, 37, 26, 'Author', '2025-04-05 21:00:03', '2025-04-05 21:00:03'),
(99, 38, 27, 'Author', '2025-04-05 21:00:15', '2025-04-05 21:00:15'),
(100, 39, 27, 'Illustrator', '2025-04-05 21:00:15', '2025-04-05 21:00:15'),
(101, 40, 28, 'Author', '2025-04-05 21:00:29', '2025-04-05 21:00:29'),
(102, 41, 28, 'Illustrator', '2025-04-05 21:00:29', '2025-04-05 21:00:29'),
(103, 42, 29, 'Author', '2025-04-05 21:00:38', '2025-04-05 21:00:38'),
(104, 43, 29, 'Illustrator', '2025-04-05 21:00:38', '2025-04-05 21:00:38'),
(105, 44, 30, 'Author', '2025-04-05 21:00:52', '2025-04-05 21:00:52'),
(106, 45, 31, 'Author', '2025-04-05 21:01:03', '2025-04-05 21:01:03'),
(107, 46, 32, 'Author', '2025-04-05 21:01:17', '2025-04-05 21:01:17'),
(108, 47, 33, 'Author', '2025-04-05 21:01:27', '2025-04-05 21:01:27'),
(109, 48, 33, 'Illustrator', '2025-04-05 21:01:27', '2025-04-05 21:01:27'),
(110, 49, 34, 'Author', '2025-04-05 21:01:40', '2025-04-05 21:01:40'),
(111, 50, 34, 'Illustrator', '2025-04-05 21:01:40', '2025-04-05 21:01:40'),
(112, 51, 35, 'Author', '2025-04-05 21:01:49', '2025-04-05 21:01:49'),
(113, 52, 36, 'Author', '2025-04-05 21:01:59', '2025-04-05 21:01:59'),
(114, 53, 37, 'Author', '2025-04-05 21:02:09', '2025-04-05 21:02:09'),
(115, 54, 38, 'Author', '2025-04-05 21:02:29', '2025-04-05 21:02:29'),
(116, 55, 39, 'Author', '2025-04-05 21:02:38', '2025-04-05 21:02:38'),
(117, 56, 39, 'Writer', '2025-04-05 21:02:38', '2025-04-05 21:02:38'),
(118, 57, 39, 'Illustrator', '2025-04-05 21:02:38', '2025-04-05 21:02:38'),
(119, 58, 40, 'Author', '2025-04-05 21:02:51', '2025-04-05 21:02:51'),
(120, 59, 40, 'Illustrator', '2025-04-05 21:02:51', '2025-04-05 21:02:51'),
(121, 60, 41, 'Author', '2025-04-05 21:03:04', '2025-04-05 21:03:04');

-- --------------------------------------------------------

--
-- Table structure for table `bad_words`
--

CREATE TABLE `bad_words` (
  `id` bigint(20) UNSIGNED NOT NULL,
  `word` varchar(255) NOT NULL,
  `created_at` timestamp NULL DEFAULT NULL,
  `updated_at` timestamp NULL DEFAULT NULL
) ENGINE=InnoDB DEFAULT CHARSET=utf8mb4 COLLATE=utf8mb4_unicode_ci;

-- --------------------------------------------------------

--
-- Table structure for table `customers`
--

CREATE TABLE `customers` (
  `id` bigint(20) UNSIGNED NOT NULL,
  `title` enum('Mr','Mrs','Ms','Dr','Prof') DEFAULT NULL,
  `lname` varchar(255) NOT NULL,
  `fname` varchar(255) NOT NULL,
  `addressline` text NOT NULL,
  `phone` varchar(20) NOT NULL,
  `user_id` bigint(20) UNSIGNED NOT NULL,
  `created_at` timestamp NULL DEFAULT NULL,
  `updated_at` timestamp NULL DEFAULT NULL
) ENGINE=InnoDB DEFAULT CHARSET=utf8mb4 COLLATE=utf8mb4_unicode_ci;

--
-- Dumping data for table `customers`
--

INSERT INTO `customers` (`id`, `title`, `lname`, `fname`, `addressline`, `phone`, `user_id`, `created_at`, `updated_at`) VALUES
(1, 'Mr', 'Doe', 'John', '6201 Kaitlin Crossing, North Evertstad, NY 30815', '+14806753736', 4, '2025-04-05 20:49:10', '2025-04-05 20:49:10'),
(2, 'Dr', 'Smith', 'Jane', '6373 Tressa Track Suite 520, Constanceburgh, VA 67924', '862.597.2135', 5, '2025-04-05 20:49:10', '2025-04-05 20:49:10'),
(3, 'Ms', 'Johnson', 'Bob', '220 Hilario Radial, New Vernice, SC 88985', '+1.316.877.9109', 6, '2025-04-05 20:49:10', '2025-04-05 20:49:10'),
(4, 'Dr', 'Brown', 'Alice', '9104 Lesch Junctions, New Nelle, AL 02583', '+13604458482', 7, '2025-04-05 20:49:10', '2025-04-05 20:49:10'),
(5, 'Ms', 'User', 'Inactive', '3847 Jaquan Square, Watersbury, GA 26954-1033', '(978) 417-0446', 8, '2025-04-05 20:49:10', '2025-04-05 20:49:10');

-- --------------------------------------------------------

--
-- Table structure for table `failed_jobs`
--

CREATE TABLE `failed_jobs` (
  `id` bigint(20) UNSIGNED NOT NULL,
  `uuid` varchar(255) NOT NULL,
  `connection` text NOT NULL,
  `queue` text NOT NULL,
  `payload` longtext NOT NULL,
  `exception` longtext NOT NULL,
  `failed_at` timestamp NOT NULL DEFAULT current_timestamp()
) ENGINE=InnoDB DEFAULT CHARSET=utf8mb4 COLLATE=utf8mb4_unicode_ci;

-- --------------------------------------------------------

--
-- Table structure for table `genres`
--

CREATE TABLE `genres` (
  `id` bigint(20) UNSIGNED NOT NULL,
  `name` varchar(255) NOT NULL,
  `description` text DEFAULT NULL,
  `created_at` timestamp NULL DEFAULT NULL,
  `updated_at` timestamp NULL DEFAULT NULL
) ENGINE=InnoDB DEFAULT CHARSET=utf8mb4 COLLATE=utf8mb4_unicode_ci;

--
-- Dumping data for table `genres`
--

INSERT INTO `genres` (`id`, `name`, `description`, `created_at`, `updated_at`) VALUES
(1, 'Shounen', 'Manga aimed at teenage boys, typically featuring action, adventure, and coming-of-age themes.', '2025-04-05 20:49:10', '2025-04-05 20:49:10'),
(2, 'Shoujo', 'Manga aimed at teenage girls, often focusing on romance, relationships, and personal growth.', '2025-04-05 20:49:10', '2025-04-05 20:49:10'),
(3, 'Seinen', 'Manga aimed at adult men, featuring more mature themes, complex characters, and realistic scenarios.', '2025-04-05 20:49:10', '2025-04-05 20:49:10'),
(4, 'Josei', 'Manga aimed at adult women, exploring mature relationships, career challenges, and daily life.', '2025-04-05 20:49:10', '2025-04-05 20:49:10'),
(5, 'Isekai', 'Stories about characters transported to or reborn in another world, often with fantasy elements.', '2025-04-05 20:49:10', '2025-04-05 20:49:10'),
(6, 'Mecha', 'Stories featuring robots, mechanical technology, and often exploring the relationship between humans and machines.', '2025-04-05 20:49:10', '2025-04-05 20:49:10'),
(7, 'Fantasy', 'Stories with magical or supernatural elements, often set in fictional worlds with unique rules and systems.', '2025-04-05 20:49:10', '2025-04-05 20:49:10'),
(8, 'Horror', 'Stories designed to frighten or scare readers, featuring supernatural threats, psychological terror, or gore.', '2025-04-05 20:49:10', '2025-04-05 20:49:10'),
(9, 'Romance', 'Stories focused on romantic relationships and emotional connections between characters.', '2025-04-05 20:49:10', '2025-04-05 20:49:10'),
(10, 'Sports', 'Stories centered around athletics and competition, often featuring character growth through sports.', '2025-04-05 20:49:10', '2025-04-05 20:49:10'),
(11, 'Slice of Life', 'Stories depicting everyday experiences and focusing on the mundane aspects of characters\' lives.', '2025-04-05 20:49:10', '2025-04-05 20:49:10'),
(12, 'Mystery', 'Stories involving the solution of a mystery, often featuring detectives, crimes, or puzzles.', '2025-04-05 20:49:10', '2025-04-05 20:49:10'),
(13, 'Action', 'Stories with emphasis on physical conflict, battles, and high-energy sequences.', '2025-04-05 20:49:10', '2025-04-05 20:49:10'),
(14, 'Adventure', 'Stories focused on journeys, exploration, and discovery of new places or experiences.', '2025-04-05 20:49:10', '2025-04-05 20:49:10'),
(15, 'Comedy', 'Stories designed to be humorous and make readers laugh.', '2025-04-05 20:49:10', '2025-04-05 20:49:10'),
(16, 'Drama', 'Stories with emotional intensity and character development through conflict.', '2025-04-05 20:49:10', '2025-04-05 20:49:10'),
(17, 'Supernatural', 'Stories featuring elements beyond scientific understanding, like ghosts, spirits, or paranormal abilities.', '2025-04-05 20:49:10', '2025-04-05 20:49:10'),
(18, 'Psychological', 'Stories that explore the mental states and processes of characters.', '2025-04-05 20:49:10', '2025-04-05 20:49:10'),
(19, 'Dark Fantasy', 'Fantasy stories with darker, more mature themes and often grim or disturbing elements.', '2025-04-05 20:49:10', '2025-04-05 20:49:10'),
(20, 'Sci-Fi', 'Stories based on scientific concepts and technological advancement, often set in the future.', '2025-04-05 20:49:10', '2025-04-05 20:49:10'),
(21, 'Military', 'Stories focused on armed forces, warfare, and military life.', '2025-04-05 20:49:10', '2025-04-05 20:49:10'),
(22, 'Demons', 'Stories featuring demonic entities or characters with demonic powers.', '2025-04-05 20:49:10', '2025-04-05 20:49:10'),
(23, 'Magic', 'Stories where magical powers and spells play a significant role.', '2025-04-05 20:49:10', '2025-04-05 20:49:10'),
(24, 'School', 'Stories set primarily in educational institutions.', '2025-04-05 20:49:10', '2025-04-05 20:49:10'),
(25, 'Super Power', 'Stories featuring characters with extraordinary abilities beyond normal human capabilities.', '2025-04-05 20:49:10', '2025-04-05 20:49:10'),
(26, 'Vampire', 'Stories featuring vampires as main characters or central to the plot.', '2025-04-05 20:49:10', '2025-04-05 20:49:10'),
(27, 'Martial Arts', 'Stories focused on various forms of combat and fighting techniques.', '2025-04-05 20:49:10', '2025-04-05 20:49:10'),
(28, 'Music', 'Stories where music plays a central role in the plot or character development.', '2025-04-05 20:49:10', '2025-04-05 20:49:10'),
(29, 'Boys Love', 'Stories focusing on romantic or sexual relationships between male characters.', '2025-04-05 20:49:10', '2025-04-05 20:49:10'),
(30, 'Ecchi', 'Stories with suggestive or mildly sexual content, but not explicit.', '2025-04-05 20:49:10', '2025-04-05 20:49:10'),
(31, 'Space', 'Stories set in outer space or involving space travel.', '2025-04-05 20:49:10', '2025-04-05 20:49:10'),
(32, 'Iyashikei', 'Healing or soothing stories designed to provide a sense of comfort and relaxation.', '2025-04-05 20:49:10', '2025-04-05 20:49:10'),
(33, 'Parody', 'Stories that imitate and satirize other works or genres.', '2025-04-05 20:49:10', '2025-04-05 20:49:10');

-- --------------------------------------------------------

--
-- Table structure for table `genre_item`
--

CREATE TABLE `genre_item` (
  `id` bigint(20) UNSIGNED NOT NULL,
  `genre_id` bigint(20) UNSIGNED NOT NULL,
  `item_id` bigint(20) UNSIGNED NOT NULL,
  `created_at` timestamp NULL DEFAULT NULL,
  `updated_at` timestamp NULL DEFAULT NULL
) ENGINE=InnoDB DEFAULT CHARSET=utf8mb4 COLLATE=utf8mb4_unicode_ci;

--
-- Dumping data for table `genre_item`
--

INSERT INTO `genre_item` (`id`, `genre_id`, `item_id`, `created_at`, `updated_at`) VALUES
(1, 1, 1, '2025-04-05 20:49:10', '2025-04-05 20:49:10'),
(2, 13, 1, '2025-04-05 20:49:10', '2025-04-05 20:49:10'),
(3, 16, 1, '2025-04-05 20:49:10', '2025-04-05 20:49:10'),
(4, 19, 1, '2025-04-05 20:49:10', '2025-04-05 20:49:10'),
(5, 1, 2, '2025-04-05 20:49:10', '2025-04-05 20:49:10'),
(6, 13, 2, '2025-04-05 20:49:10', '2025-04-05 20:49:10'),
(7, 15, 2, '2025-04-05 20:49:10', '2025-04-05 20:49:10'),
(8, 22, 2, '2025-04-05 20:49:10', '2025-04-05 20:49:10'),
(9, 14, 2, '2025-04-05 20:49:10', '2025-04-05 20:49:10'),
(10, 7, 2, '2025-04-05 20:49:10', '2025-04-05 20:49:10'),
(11, 23, 2, '2025-04-05 20:49:10', '2025-04-05 20:49:10'),
(12, 1, 3, '2025-04-05 20:49:10', '2025-04-05 20:49:10'),
(13, 13, 3, '2025-04-05 20:49:10', '2025-04-05 20:49:10'),
(14, 16, 3, '2025-04-05 20:49:10', '2025-04-05 20:49:10'),
(15, 12, 3, '2025-04-05 20:49:10', '2025-04-05 20:49:10'),
(16, 26, 3, '2025-04-05 20:49:10', '2025-04-05 20:49:10'),
(17, 24, 3, '2025-04-05 20:49:10', '2025-04-05 20:49:10'),
(18, 17, 3, '2025-04-05 20:49:10', '2025-04-05 20:49:10'),
(19, 22, 3, '2025-04-05 20:49:10', '2025-04-05 20:49:10'),
(20, 21, 3, '2025-04-05 20:49:10', '2025-04-05 20:49:10'),
(21, 1, 4, '2025-04-05 20:49:10', '2025-04-05 20:49:10'),
(22, 13, 4, '2025-04-05 20:49:10', '2025-04-05 20:49:10'),
(23, 16, 4, '2025-04-05 20:49:10', '2025-04-05 20:49:10'),
(24, 12, 4, '2025-04-05 20:49:10', '2025-04-05 20:49:10'),
(25, 25, 4, '2025-04-05 20:49:10', '2025-04-05 20:49:10'),
(26, 7, 4, '2025-04-05 20:49:10', '2025-04-05 20:49:10'),
(27, 21, 4, '2025-04-05 20:49:10', '2025-04-05 20:49:10'),
(28, 19, 4, '2025-04-05 20:49:10', '2025-04-05 20:49:10'),
(29, 9, 5, '2025-04-05 20:49:10', '2025-04-05 20:49:10'),
(30, 1, 5, '2025-04-05 20:49:10', '2025-04-05 20:49:10'),
(31, 10, 5, '2025-04-05 20:49:10', '2025-04-05 20:49:10'),
(32, 24, 5, '2025-04-05 20:49:10', '2025-04-05 20:49:10'),
(33, 11, 5, '2025-04-05 20:49:10', '2025-04-05 20:49:10'),
(34, 9, 6, '2025-04-05 20:49:10', '2025-04-05 20:49:10'),
(35, 1, 6, '2025-04-05 20:49:10', '2025-04-05 20:49:10'),
(36, 24, 6, '2025-04-05 20:49:10', '2025-04-05 20:49:10'),
(37, 15, 6, '2025-04-05 20:49:10', '2025-04-05 20:49:10'),
(38, 16, 6, '2025-04-05 20:49:10', '2025-04-05 20:49:10'),
(39, 9, 7, '2025-04-05 20:49:10', '2025-04-05 20:49:10'),
(40, 24, 7, '2025-04-05 20:49:10', '2025-04-05 20:49:10'),
(41, 11, 7, '2025-04-05 20:49:10', '2025-04-05 20:49:10'),
(42, 15, 7, '2025-04-05 20:49:10', '2025-04-05 20:49:10'),
(43, 9, 8, '2025-04-05 20:49:10', '2025-04-05 20:49:10'),
(44, 24, 8, '2025-04-05 20:49:10', '2025-04-05 20:49:10'),
(45, 3, 8, '2025-04-05 20:49:10', '2025-04-05 20:49:10'),
(46, 11, 8, '2025-04-05 20:49:10', '2025-04-05 20:49:10'),
(47, 15, 8, '2025-04-05 20:49:10', '2025-04-05 20:49:10'),
(48, 30, 8, '2025-04-05 20:49:10', '2025-04-05 20:49:10'),
(49, 9, 9, '2025-04-05 20:49:10', '2025-04-05 20:49:10'),
(50, 1, 9, '2025-04-05 20:49:10', '2025-04-05 20:49:10'),
(51, 11, 9, '2025-04-05 20:49:10', '2025-04-05 20:49:10'),
(52, 15, 9, '2025-04-05 20:49:10', '2025-04-05 20:49:10'),
(53, 2, 10, '2025-04-05 20:49:10', '2025-04-05 20:49:10'),
(54, 9, 10, '2025-04-05 20:49:10', '2025-04-05 20:49:10'),
(55, 11, 10, '2025-04-05 20:49:10', '2025-04-05 20:49:10'),
(56, 2, 11, '2025-04-05 20:49:10', '2025-04-05 20:49:10'),
(57, 15, 11, '2025-04-05 20:49:10', '2025-04-05 20:49:10'),
(58, 16, 11, '2025-04-05 20:49:10', '2025-04-05 20:49:10'),
(59, 9, 11, '2025-04-05 20:49:10', '2025-04-05 20:49:10'),
(60, 24, 11, '2025-04-05 20:49:10', '2025-04-05 20:49:10'),
(61, 11, 11, '2025-04-05 20:49:10', '2025-04-05 20:49:10'),
(62, 2, 12, '2025-04-05 20:49:10', '2025-04-05 20:49:10'),
(63, 15, 12, '2025-04-05 20:49:10', '2025-04-05 20:49:10'),
(64, 16, 12, '2025-04-05 20:49:10', '2025-04-05 20:49:10'),
(65, 9, 12, '2025-04-05 20:49:10', '2025-04-05 20:49:10'),
(66, 24, 12, '2025-04-05 20:49:10', '2025-04-05 20:49:10'),
(67, 11, 12, '2025-04-05 20:49:10', '2025-04-05 20:49:10'),
(68, 2, 13, '2025-04-05 20:49:10', '2025-04-05 20:49:10'),
(69, 16, 13, '2025-04-05 20:49:10', '2025-04-05 20:49:10'),
(70, 9, 13, '2025-04-05 20:49:10', '2025-04-05 20:49:10'),
(71, 25, 13, '2025-04-05 20:49:10', '2025-04-05 20:49:10'),
(72, 17, 13, '2025-04-05 20:49:10', '2025-04-05 20:49:10'),
(73, 3, 14, '2025-04-05 20:49:10', '2025-04-05 20:49:10'),
(74, 13, 14, '2025-04-05 20:49:10', '2025-04-05 20:49:10'),
(75, 16, 14, '2025-04-05 20:49:10', '2025-04-05 20:49:10'),
(76, 25, 14, '2025-04-05 20:49:10', '2025-04-05 20:49:10'),
(77, 17, 14, '2025-04-05 20:49:10', '2025-04-05 20:49:10'),
(78, 22, 14, '2025-04-05 20:49:10', '2025-04-05 20:49:10'),
(79, 14, 14, '2025-04-05 20:49:10', '2025-04-05 20:49:10'),
(80, 7, 14, '2025-04-05 20:49:10', '2025-04-05 20:49:10'),
(81, 8, 14, '2025-04-05 20:49:10', '2025-04-05 20:49:10'),
(82, 21, 14, '2025-04-05 20:49:10', '2025-04-05 20:49:10'),
(83, 18, 14, '2025-04-05 20:49:10', '2025-04-05 20:49:10'),
(84, 23, 14, '2025-04-05 20:49:10', '2025-04-05 20:49:10'),
(85, 19, 14, '2025-04-05 20:49:10', '2025-04-05 20:49:10'),
(86, 3, 15, '2025-04-05 20:49:10', '2025-04-05 20:49:10'),
(87, 13, 15, '2025-04-05 20:49:10', '2025-04-05 20:49:10'),
(88, 16, 15, '2025-04-05 20:49:10', '2025-04-05 20:49:10'),
(89, 14, 15, '2025-04-05 20:49:10', '2025-04-05 20:49:10'),
(90, 32, 15, '2025-04-05 20:49:10', '2025-04-05 20:49:10'),
(91, 3, 16, '2025-04-05 20:49:10', '2025-04-05 20:49:10'),
(92, 16, 16, '2025-04-05 20:49:10', '2025-04-05 20:49:10'),
(93, 24, 16, '2025-04-05 20:49:10', '2025-04-05 20:49:10'),
(94, 18, 16, '2025-04-05 20:49:10', '2025-04-05 20:49:10'),
(95, 11, 16, '2025-04-05 20:49:10', '2025-04-05 20:49:10'),
(96, 3, 17, '2025-04-05 20:49:10', '2025-04-05 20:49:10'),
(97, 15, 17, '2025-04-05 20:49:10', '2025-04-05 20:49:10'),
(98, 16, 17, '2025-04-05 20:49:10', '2025-04-05 20:49:10'),
(99, 12, 17, '2025-04-05 20:49:10', '2025-04-05 20:49:10'),
(100, 9, 17, '2025-04-05 20:49:10', '2025-04-05 20:49:10'),
(101, 24, 17, '2025-04-05 20:49:10', '2025-04-05 20:49:10'),
(102, 18, 17, '2025-04-05 20:49:10', '2025-04-05 20:49:10'),
(103, 4, 18, '2025-04-05 20:49:10', '2025-04-05 20:49:10'),
(104, 15, 18, '2025-04-05 20:49:10', '2025-04-05 20:49:10'),
(105, 16, 18, '2025-04-05 20:49:10', '2025-04-05 20:49:10'),
(106, 9, 18, '2025-04-05 20:49:10', '2025-04-05 20:49:10'),
(107, 4, 19, '2025-04-05 20:49:10', '2025-04-05 20:49:10'),
(108, 29, 19, '2025-04-05 20:49:10', '2025-04-05 20:49:10'),
(109, 15, 19, '2025-04-05 20:49:10', '2025-04-05 20:49:10'),
(110, 9, 19, '2025-04-05 20:49:10', '2025-04-05 20:49:10'),
(111, 24, 19, '2025-04-05 20:49:10', '2025-04-05 20:49:10'),
(112, 4, 20, '2025-04-05 20:49:10', '2025-04-05 20:49:10'),
(113, 15, 20, '2025-04-05 20:49:10', '2025-04-05 20:49:10'),
(114, 9, 20, '2025-04-05 20:49:10', '2025-04-05 20:49:10'),
(115, 32, 20, '2025-04-05 20:49:10', '2025-04-05 20:49:10'),
(116, 11, 20, '2025-04-05 20:49:10', '2025-04-05 20:49:10'),
(117, 4, 21, '2025-04-05 20:49:10', '2025-04-05 20:49:10'),
(118, 29, 21, '2025-04-05 20:49:10', '2025-04-05 20:49:10'),
(119, 16, 21, '2025-04-05 20:49:10', '2025-04-05 20:49:10'),
(120, 28, 21, '2025-04-05 20:49:10', '2025-04-05 20:49:10'),
(121, 9, 21, '2025-04-05 20:49:10', '2025-04-05 20:49:10'),
(122, 24, 21, '2025-04-05 20:49:10', '2025-04-05 20:49:10'),
(123, 11, 21, '2025-04-05 20:49:10', '2025-04-05 20:49:10'),
(124, 5, 22, '2025-04-05 20:49:10', '2025-04-05 20:49:10'),
(125, 13, 22, '2025-04-05 20:49:10', '2025-04-05 20:49:10'),
(126, 15, 22, '2025-04-05 20:49:10', '2025-04-05 20:49:10'),
(127, 1, 22, '2025-04-05 20:49:10', '2025-04-05 20:49:10'),
(128, 22, 22, '2025-04-05 20:49:10', '2025-04-05 20:49:10'),
(129, 14, 22, '2025-04-05 20:49:10', '2025-04-05 20:49:10'),
(130, 7, 22, '2025-04-05 20:49:10', '2025-04-05 20:49:10'),
(131, 23, 22, '2025-04-05 20:49:10', '2025-04-05 20:49:10'),
(132, 5, 23, '2025-04-05 20:49:10', '2025-04-05 20:49:10'),
(133, 13, 23, '2025-04-05 20:49:10', '2025-04-05 20:49:10'),
(134, 15, 23, '2025-04-05 20:49:10', '2025-04-05 20:49:10'),
(135, 33, 23, '2025-04-05 20:49:10', '2025-04-05 20:49:10'),
(136, 1, 23, '2025-04-05 20:49:10', '2025-04-05 20:49:10'),
(137, 26, 23, '2025-04-05 20:49:10', '2025-04-05 20:49:10'),
(138, 7, 23, '2025-04-05 20:49:10', '2025-04-05 20:49:10'),
(139, 23, 23, '2025-04-05 20:49:10', '2025-04-05 20:49:10'),
(140, 5, 24, '2025-04-05 20:49:10', '2025-04-05 20:49:10'),
(141, 13, 24, '2025-04-05 20:49:10', '2025-04-05 20:49:10'),
(142, 15, 24, '2025-04-05 20:49:10', '2025-04-05 20:49:10'),
(143, 1, 24, '2025-04-05 20:49:10', '2025-04-05 20:49:10'),
(144, 17, 24, '2025-04-05 20:49:10', '2025-04-05 20:49:10'),
(145, 14, 24, '2025-04-05 20:49:10', '2025-04-05 20:49:10'),
(146, 7, 24, '2025-04-05 20:49:10', '2025-04-05 20:49:10'),
(147, 23, 24, '2025-04-05 20:49:10', '2025-04-05 20:49:10'),
(148, 5, 25, '2025-04-05 20:49:10', '2025-04-05 20:49:10'),
(149, 13, 25, '2025-04-05 20:49:10', '2025-04-05 20:49:10'),
(150, 15, 25, '2025-04-05 20:49:10', '2025-04-05 20:49:10'),
(151, 33, 25, '2025-04-05 20:49:10', '2025-04-05 20:49:10'),
(152, 26, 25, '2025-04-05 20:49:10', '2025-04-05 20:49:10'),
(153, 17, 25, '2025-04-05 20:49:10', '2025-04-05 20:49:10'),
(154, 22, 25, '2025-04-05 20:49:10', '2025-04-05 20:49:10'),
(155, 14, 25, '2025-04-05 20:49:10', '2025-04-05 20:49:10'),
(156, 7, 25, '2025-04-05 20:49:10', '2025-04-05 20:49:10'),
(157, 23, 25, '2025-04-05 20:49:10', '2025-04-05 20:49:10'),
(158, 6, 26, '2025-04-05 20:49:10', '2025-04-05 20:49:10'),
(159, 13, 26, '2025-04-05 20:49:10', '2025-04-05 20:49:10'),
(160, 16, 26, '2025-04-05 20:49:10', '2025-04-05 20:49:10'),
(161, 12, 26, '2025-04-05 20:49:10', '2025-04-05 20:49:10'),
(162, 20, 26, '2025-04-05 20:49:10', '2025-04-05 20:49:10'),
(163, 1, 26, '2025-04-05 20:49:10', '2025-04-05 20:49:10'),
(164, 18, 26, '2025-04-05 20:49:10', '2025-04-05 20:49:10'),
(165, 3, 26, '2025-04-05 20:49:10', '2025-04-05 20:49:10'),
(166, 6, 27, '2025-04-05 20:49:10', '2025-04-05 20:49:10'),
(167, 16, 27, '2025-04-05 20:49:10', '2025-04-05 20:49:10'),
(168, 30, 27, '2025-04-05 20:49:10', '2025-04-05 20:49:10'),
(169, 9, 27, '2025-04-05 20:49:10', '2025-04-05 20:49:10'),
(170, 20, 27, '2025-04-05 20:49:10', '2025-04-05 20:49:10'),
(171, 1, 27, '2025-04-05 20:49:10', '2025-04-05 20:49:10'),
(172, 6, 28, '2025-04-05 20:49:10', '2025-04-05 20:49:10'),
(173, 13, 28, '2025-04-05 20:49:10', '2025-04-05 20:49:10'),
(174, 16, 28, '2025-04-05 20:49:10', '2025-04-05 20:49:10'),
(175, 20, 28, '2025-04-05 20:49:10', '2025-04-05 20:49:10'),
(176, 1, 28, '2025-04-05 20:49:10', '2025-04-05 20:49:10'),
(177, 31, 28, '2025-04-05 20:49:10', '2025-04-05 20:49:10'),
(178, 21, 28, '2025-04-05 20:49:10', '2025-04-05 20:49:10'),
(179, 6, 29, '2025-04-05 20:49:10', '2025-04-05 20:49:10'),
(180, 13, 29, '2025-04-05 20:49:10', '2025-04-05 20:49:10'),
(181, 15, 29, '2025-04-05 20:49:10', '2025-04-05 20:49:10'),
(182, 9, 29, '2025-04-05 20:49:10', '2025-04-05 20:49:10'),
(183, 20, 29, '2025-04-05 20:49:10', '2025-04-05 20:49:10'),
(184, 1, 29, '2025-04-05 20:49:10', '2025-04-05 20:49:10'),
(185, 31, 29, '2025-04-05 20:49:10', '2025-04-05 20:49:10'),
(186, 14, 29, '2025-04-05 20:49:10', '2025-04-05 20:49:10'),
(187, 8, 30, '2025-04-05 20:49:10', '2025-04-05 20:49:10'),
(188, 15, 30, '2025-04-05 20:49:10', '2025-04-05 20:49:10'),
(189, 24, 30, '2025-04-05 20:49:10', '2025-04-05 20:49:10'),
(190, 17, 30, '2025-04-05 20:49:10', '2025-04-05 20:49:10'),
(191, 3, 30, '2025-04-05 20:49:10', '2025-04-05 20:49:10'),
(192, 11, 30, '2025-04-05 20:49:10', '2025-04-05 20:49:10'),
(193, 8, 31, '2025-04-05 20:49:10', '2025-04-05 20:49:10'),
(194, 1, 31, '2025-04-05 20:49:10', '2025-04-05 20:49:10'),
(195, 17, 31, '2025-04-05 20:49:10', '2025-04-05 20:49:10'),
(196, 8, 32, '2025-04-05 20:49:10', '2025-04-05 20:49:10'),
(197, 12, 32, '2025-04-05 20:49:10', '2025-04-05 20:49:10'),
(198, 1, 32, '2025-04-05 20:49:10', '2025-04-05 20:49:10'),
(199, 17, 32, '2025-04-05 20:49:10', '2025-04-05 20:49:10'),
(200, 18, 32, '2025-04-05 20:49:10', '2025-04-05 20:49:10'),
(201, 8, 33, '2025-04-05 20:49:10', '2025-04-05 20:49:10'),
(202, 13, 33, '2025-04-05 20:49:10', '2025-04-05 20:49:10'),
(203, 12, 33, '2025-04-05 20:49:10', '2025-04-05 20:49:10'),
(204, 25, 33, '2025-04-05 20:49:10', '2025-04-05 20:49:10'),
(205, 17, 33, '2025-04-05 20:49:10', '2025-04-05 20:49:10'),
(206, 21, 33, '2025-04-05 20:49:10', '2025-04-05 20:49:10'),
(207, 3, 33, '2025-04-05 20:49:10', '2025-04-05 20:49:10'),
(208, 10, 34, '2025-04-05 20:49:10', '2025-04-05 20:49:10'),
(209, 13, 34, '2025-04-05 20:49:10', '2025-04-05 20:49:10'),
(210, 16, 34, '2025-04-05 20:49:10', '2025-04-05 20:49:10'),
(211, 1, 34, '2025-04-05 20:49:10', '2025-04-05 20:49:10'),
(212, 10, 35, '2025-04-05 20:49:10', '2025-04-05 20:49:10'),
(213, 15, 35, '2025-04-05 20:49:10', '2025-04-05 20:49:10'),
(214, 16, 35, '2025-04-05 20:49:10', '2025-04-05 20:49:10'),
(215, 1, 35, '2025-04-05 20:49:10', '2025-04-05 20:49:10'),
(216, 24, 35, '2025-04-05 20:49:10', '2025-04-05 20:49:10'),
(217, 10, 36, '2025-04-05 20:49:10', '2025-04-05 20:49:10'),
(218, 15, 36, '2025-04-05 20:49:10', '2025-04-05 20:49:10'),
(219, 16, 36, '2025-04-05 20:49:10', '2025-04-05 20:49:10'),
(220, 1, 36, '2025-04-05 20:49:10', '2025-04-05 20:49:10'),
(221, 24, 36, '2025-04-05 20:49:10', '2025-04-05 20:49:10'),
(222, 10, 37, '2025-04-05 20:49:10', '2025-04-05 20:49:10'),
(223, 13, 37, '2025-04-05 20:49:10', '2025-04-05 20:49:10'),
(224, 15, 37, '2025-04-05 20:49:10', '2025-04-05 20:49:10'),
(225, 16, 37, '2025-04-05 20:49:10', '2025-04-05 20:49:10'),
(226, 1, 37, '2025-04-05 20:49:10', '2025-04-05 20:49:10'),
(227, 7, 38, '2025-04-05 20:49:10', '2025-04-05 20:49:10'),
(228, 13, 38, '2025-04-05 20:49:10', '2025-04-05 20:49:10'),
(229, 15, 38, '2025-04-05 20:49:10', '2025-04-05 20:49:10'),
(230, 1, 38, '2025-04-05 20:49:10', '2025-04-05 20:49:10'),
(231, 25, 38, '2025-04-05 20:49:10', '2025-04-05 20:49:10'),
(232, 22, 38, '2025-04-05 20:49:10', '2025-04-05 20:49:10'),
(233, 23, 38, '2025-04-05 20:49:10', '2025-04-05 20:49:10'),
(234, 7, 39, '2025-04-05 20:49:10', '2025-04-05 20:49:10'),
(235, 13, 39, '2025-04-05 20:49:10', '2025-04-05 20:49:10'),
(236, 16, 39, '2025-04-05 20:49:10', '2025-04-05 20:49:10'),
(237, 25, 39, '2025-04-05 20:49:10', '2025-04-05 20:49:10'),
(238, 17, 39, '2025-04-05 20:49:10', '2025-04-05 20:49:10'),
(239, 3, 39, '2025-04-05 20:49:10', '2025-04-05 20:49:10'),
(240, 1, 40, '2025-04-05 20:49:10', '2025-04-05 20:49:10'),
(241, 13, 40, '2025-04-05 20:49:10', '2025-04-05 20:49:10'),
(242, 15, 40, '2025-04-05 20:49:10', '2025-04-05 20:49:10'),
(243, 16, 40, '2025-04-05 20:49:10', '2025-04-05 20:49:10'),
(244, 24, 40, '2025-04-05 20:49:10', '2025-04-05 20:49:10'),
(245, 14, 40, '2025-04-05 20:49:10', '2025-04-05 20:49:10'),
(246, 7, 40, '2025-04-05 20:49:10', '2025-04-05 20:49:10'),
(247, 23, 40, '2025-04-05 20:49:10', '2025-04-05 20:49:10'),
(248, 7, 41, '2025-04-05 20:49:10', '2025-04-05 20:49:10'),
(249, 13, 41, '2025-04-05 20:49:10', '2025-04-05 20:49:10'),
(250, 1, 41, '2025-04-05 20:49:10', '2025-04-05 20:49:10'),
(251, 25, 41, '2025-04-05 20:49:10', '2025-04-05 20:49:10'),
(252, 22, 41, '2025-04-05 20:49:10', '2025-04-05 20:49:10'),
(253, 14, 41, '2025-04-05 20:49:10', '2025-04-05 20:49:10'),
(254, 27, 41, '2025-04-05 20:49:10', '2025-04-05 20:49:10'),
(255, 23, 41, '2025-04-05 20:49:10', '2025-04-05 20:49:10');

-- --------------------------------------------------------

--
-- Table structure for table `items`
--

CREATE TABLE `items` (
  `id` bigint(20) UNSIGNED NOT NULL,
  `title` varchar(255) NOT NULL,
  `description` text NOT NULL,
  `publisher_id` bigint(20) UNSIGNED DEFAULT NULL,
  `price` decimal(10,2) NOT NULL,
  `publication_date` date DEFAULT NULL,
  `created_at` timestamp NULL DEFAULT NULL,
  `updated_at` timestamp NULL DEFAULT NULL,
  `deleted_at` timestamp NULL DEFAULT NULL
) ENGINE=InnoDB DEFAULT CHARSET=utf8mb4 COLLATE=utf8mb4_unicode_ci;

--
-- Dumping data for table `items`
--

INSERT INTO `items` (`id`, `title`, `description`, `publisher_id`, `price`, `publication_date`, `created_at`, `updated_at`, `deleted_at`) VALUES
(1, 'Kagurabachi', 'As a young boy, Chihiro trains every day under his father to become a swordsmith. Although different in temperament, the two spend peaceful days laughing and working together. But one day, tragedy strikes… Now Chihiro burns with hatred and sets out to exact revenge.', 3, 17.65, '2022-12-26', '2025-04-05 20:49:10', '2025-04-05 20:49:10', NULL),
(2, 'Ranking of Kings', 'The people of the kingdom look down on the young Prince Bojji, who can neither hear nor speak. They call him \"The Useless Prince\" while jeering at his supposed foolishness. However, while Bojji may not be physically strong, he is certainly not weak of heart.', 2, 27.50, '2018-07-23', '2025-04-05 20:49:10', '2025-04-05 20:49:10', NULL),
(3, 'Seraph of the End: Vampire Reign', 'Set in a world where a deadly virus has wiped out most of humanity, allowing vampires to enslave the rest of the human race. It tells the story of an orphaned boy named Yūichirō Hyakuya trying to rid the world of the vampires by joining the Japanese Imperial Demon Army.', 4, 21.19, '2022-05-20', '2025-04-05 20:49:10', '2025-04-05 20:49:10', NULL),
(4, 'Attack on Titan', 'Set in a world where humanity is on the brink of extinction due to giant humanoid creatures called Titans. The story follows Eren Yeager, who vows to eradicate the Titans after they destroy his hometown and kill his mother.', 2, 22.06, '2016-03-10', '2025-04-05 20:49:10', '2025-04-05 20:49:10', NULL),
(5, 'Blue Box', 'The story is centered around Taiki, a rookie badminton player, who is suddenly unexpectedly brought closer to his long-time crush, Chinatsu, a star on the basketball team.', 3, 14.64, '2023-12-15', '2025-04-05 20:49:10', '2025-04-05 20:49:10', NULL),
(6, 'The Fragrant Flower Blooms With Dignity', 'Chidori second-year Rintaro, who has a fierce face but a gentle heart, is helping at his family\'s patisserie when he meets a girl named Kaoruko.', 2, 29.46, '2018-04-08', '2025-04-05 20:49:10', '2025-04-05 20:49:10', NULL),
(7, 'The Angel Next Door Spoils Me Rotten', 'Described as an \"angel\" by her peers, Mahiru is a stunning girl who excels both academically and athletically. While Amane, an average and messy individual, attends the same school as her.', 11, 22.10, '2015-08-24', '2025-04-05 20:49:10', '2025-04-05 20:49:10', NULL),
(8, 'My Dress-Up Darling', 'A loner boy and a flashy girl find common ground via cosplay in this sweet and spicy rom-com!', 9, 10.11, '2015-07-02', '2025-04-05 20:49:10', '2025-04-05 20:49:10', NULL),
(9, 'My Girlfriend is the best!', 'After separating from his girlfriend, the boy is feeling hopeless. However, his tomboyish friend proposes an unexpected solution: why not date each other?', 12, 20.90, '2024-10-28', '2025-04-05 20:49:10', '2025-04-05 20:49:10', NULL),
(10, 'A Sign of Affection', 'The story centres around university student Yuki Itose, a second-year who communicates through Japanese Sign Language due to being deaf since birth.', 1, 14.61, '2016-04-07', '2025-04-05 20:49:10', '2025-04-05 20:49:10', NULL),
(11, 'Kimi ni Todoke: From Me to You', 'A girl named Kuronuma Sawako. She is nicknamed Sadako (from \"The Ring\") because many people see her as strange and often mistake her for a ghost.', 3, 24.74, '2021-03-30', '2025-04-05 20:49:10', '2025-04-05 20:49:10', NULL),
(12, 'Ao Haru Ride', 'Revolves around Futaba, a girl who was in love with a boy named Ko Tanaka in middle school. However, it did not work because he transferred but in high school, her world is turned around once again when she meets him again.', 3, 28.10, '2019-04-25', '2025-04-05 20:49:10', '2025-04-05 20:49:10', NULL),
(13, 'My Happy Marriage', 'Born to a noble family, Miyo is raised by her abusive stepmother and married off to Kiyoka, a soldier so heartless his prior fiancées fled within three days into their engagement.', 11, 21.61, '2018-05-18', '2025-04-05 20:49:10', '2025-04-05 20:49:10', NULL),
(14, 'Berserk', 'Berserk is a story that follows the story of Guts; a swordsman whose very existence has been Hell since he was born.', 1, 24.76, '2022-10-04', '2025-04-05 20:49:10', '2025-04-05 20:49:10', NULL),
(15, 'Vinland Saga', 'A young man named Thorfinn finds himself in a quest for revenge against the man responsible for a traumatic tragedy in his early life.', 2, 15.74, '2019-11-07', '2025-04-05 20:49:10', '2025-04-05 20:49:10', NULL),
(16, 'Goodnight Punpun', 'Meet Punpun Onodera, an ordinary 11-year-old boy from Japan. He sees life through a hopeless romantic lens and his outlook changes forever when he meets Aiko Tanaka, his new classmate.', 12, 18.17, '2016-06-28', '2025-04-05 20:49:10', '2025-04-05 20:49:10', NULL),
(17, 'Classroom of the Elite', 'Classroom of the Elite is a psychological thriller and school-based anime/light novel series set in the prestigious Tokyo Metropolitan Advanced Nurturing High School.', 11, 26.98, '2015-12-19', '2025-04-05 20:49:10', '2025-04-05 20:49:10', NULL),
(18, 'Loving Yamada at LV999!', 'Akane Kinoshita discovered the complexities of online relationships after her gamer boyfriend\'s infidelity with a fellow player.', 1, 11.89, '2023-05-27', '2025-04-05 20:49:10', '2025-04-05 20:49:10', NULL),
(19, 'I Think I Turned My Childhood Friend Into a Girl', 'Despite being a male, Kenshirou Midou has a fascination with cosmetics that he keeps hidden from his peers, except for his sisters and childhood friend, Hiura Mihate.', 13, 11.88, '2021-10-03', '2025-04-05 20:49:10', '2025-04-05 20:49:10', NULL),
(20, 'Wotakoi: Love is Hard for Otaku', 'Follows the story of Narumi Momose, a cheerful office worker who secretly loves anime and BL (Boys\' Love) manga.', 2, 13.77, '2017-11-01', '2025-04-05 20:49:10', '2025-04-05 20:49:10', NULL),
(21, 'Given', 'The story follows Mafuyu Satou, a quiet high school student who carries an old guitar with him but doesn\'t know how to play.', 15, 20.50, '2021-08-30', '2025-04-05 20:49:10', '2025-04-05 20:49:10', NULL),
(22, 'That Time I Got Reincarnated as a Slime', 'Follows Satoru Mikami, a middle-aged office worker who is killed in a stabbing incident and reincarnates in a fantasy world—as a slime!', 2, 20.57, '2023-09-15', '2025-04-05 20:49:10', '2025-04-05 20:49:10', NULL),
(23, 'The Eminence in Shadow', 'Follows Cid Kagenou, a boy obsessed with operating from the shadows like a mastermind controlling events from behind the scenes.', 11, 14.28, '2021-02-19', '2025-04-05 20:49:10', '2025-04-05 20:49:10', NULL),
(24, 'Tsukimichi: Moonlit Fantasy', 'Summoned by the god Tsukuyomi to become a hero in a fantasy world, Misumi Makoto, a high school student, faces opposition from powerful beings.', 2, 11.28, '2019-04-14', '2025-04-05 20:49:10', '2025-04-05 20:49:10', NULL),
(25, 'Overlord', 'It follows Suzuki Satoru, a salaryman who gets trapped inside his favorite MMORPG, Yggdrasil, when the game\'s servers shut down.', 11, 12.71, '2017-05-04', '2025-04-05 20:49:10', '2025-04-05 20:49:10', NULL),
(26, 'Neon Genesis Evangelion', 'A psychological mecha anime set in a post-apocalyptic world where humanity battles mysterious beings called Angels.', 11, 21.40, '2019-04-09', '2025-04-05 20:49:10', '2025-04-05 20:49:10', NULL),
(27, 'DARLING in the FRANXX', 'A sci-fi mecha anime set in a dystopian future where humanity is on the brink of extinction due to mysterious creatures called Klaxosaurs.', 3, 29.11, '2018-10-10', '2025-04-05 20:49:10', '2025-04-05 20:49:10', NULL),
(28, 'Mobile Suit Gundam: The Origin', 'Commander Char Aznable, an ace pilot for Zeon, believed he could thwart the Federation\'s mobile suit construction.', 2, 12.14, '2019-07-16', '2025-04-05 20:49:10', '2025-04-05 20:49:10', NULL),
(29, 'Tengen Toppa Gurren Lagann', 'Kamina and Simon feel constricted by the restrictions imposed by their village elder in their secluded underground community.', 11, 21.68, '2022-02-16', '2025-04-05 20:49:10', '2025-04-05 20:49:10', NULL),
(30, 'Mieruko-chan', 'Follows Miko Yotsuya, an ordinary high school girl who suddenly gains the terrifying ability to see grotesque and horrifying spirits that lurk around people.', 11, 19.53, '2016-08-05', '2025-04-05 20:49:10', '2025-04-05 20:49:10', NULL),
(31, 'Dark Gathering', 'A Japanese horror anime and manga series following Keitarō Gentōga, a young man with a strong sensitivity to spirits.', 3, 28.86, '2023-06-25', '2025-04-05 20:49:10', '2025-04-05 20:49:10', NULL),
(32, 'The Hundred Ghost Stories That Led to My Death', 'This anthology horror series tells the tale of the \"Round of 100 Ghost Stories,\" a legendary folktale that tests one\'s courage.', 2, 19.16, '2024-12-30', '2025-04-05 20:49:10', '2025-04-05 20:49:10', NULL),
(33, 'Ajin: Demi-Human', 'Kei Nagai, a high school student who discovers he is an \"Ajin\" after surviving a fatal accident.', 2, 29.18, '2018-03-07', '2025-04-05 20:49:10', '2025-04-05 20:49:10', NULL),
(34, 'Blue Lock', 'Centered around Yoichi Isagi, a high school soccer player who joins the controversial Blue Lock program.', 2, 22.02, '2019-03-25', '2025-04-05 20:49:10', '2025-04-05 20:49:10', NULL),
(35, 'Haikyu!!', 'Follows Shoyo Hinata, a determined but short volleyball player inspired by the \"Little Giant.\"', 3, 26.72, '2017-08-05', '2025-04-05 20:49:10', '2025-04-05 20:49:10', NULL),
(36, 'Slam Dunk', 'Hanamichi Sakuragi, a delinquent high school student with no prior basketball experience.', 3, 18.23, '2016-11-14', '2025-04-05 20:49:10', '2025-04-05 20:49:10', NULL),
(37, 'Hajime no Ippo', 'Follows Ippo Makunouchi, a shy and timid high school student who is frequently bullied.', 2, 19.83, '2023-01-02', '2025-04-05 20:49:10', '2025-04-05 20:49:10', NULL),
(38, 'Black Clover', 'Follows Asta, a boy born without magic in a world where magic is everything. Despite this, he dreams of becoming the Wizard King.', 3, 15.34, '2015-07-05', '2025-04-05 20:49:10', '2025-04-05 20:49:10', NULL),
(39, 'Record of Ragnarok', 'Follows a high-stakes tournament where 13 legendary humans battle 13 powerful gods to decide humanity\'s fate.', 2, 16.09, '2018-08-05', '2025-04-05 20:49:10', '2025-04-05 20:49:10', NULL),
(40, 'Wistoria: Wand and Sword', 'With a childhood promise to fulfill to his friend, Serfort aims to attain the esteemed position of a Magia Vander.', 2, 28.05, '2018-08-23', '2025-04-05 20:49:10', '2025-04-05 20:49:10', NULL),
(41, 'The Seven Deadly Sins', 'Follows a group of legendary knights, known as the Seven Deadly Sins, who were accused of treason and disbanded.', 2, 21.27, '2018-04-27', '2025-04-05 20:49:10', '2025-04-05 20:49:10', NULL);

-- --------------------------------------------------------

--
-- Table structure for table `item_images`
--

CREATE TABLE `item_images` (
  `id` bigint(20) UNSIGNED NOT NULL,
  `item_id` bigint(20) UNSIGNED NOT NULL,
  `image_path` varchar(255) NOT NULL,
  `is_primary` tinyint(1) NOT NULL DEFAULT 0,
  `sort_order` int(11) NOT NULL DEFAULT 0,
  `created_at` timestamp NULL DEFAULT NULL,
  `updated_at` timestamp NULL DEFAULT NULL
) ENGINE=InnoDB DEFAULT CHARSET=utf8mb4 COLLATE=utf8mb4_unicode_ci;

--
-- Dumping data for table `item_images`
--

INSERT INTO `item_images` (`id`, `item_id`, `image_path`, `is_primary`, `sort_order`, `created_at`, `updated_at`) VALUES
(1, 1, 'items/kPan1EzVLCtT1D7KHbf5Nr9rEHHhdeTgkxbSjCr6.jpg', 1, 1, '2025-04-05 20:50:49', '2025-04-05 20:50:49'),
(2, 1, 'items/jqWTZckiBPtCjXrNVz72oMCdwoRIBd47sfJluWkk.jpg', 0, 2, '2025-04-05 20:50:49', '2025-04-05 20:50:49'),
(3, 1, 'items/6kCq2L9yoTQuYN11Ys10Vr85K9i21YrceE8biPO2.jpg', 0, 3, '2025-04-05 20:50:49', '2025-04-05 20:50:49'),
(4, 1, 'items/11T6uJoC6jtSpuSPOYEQjWVHdYyU80EyT47BW9L1.jpg', 0, 4, '2025-04-05 20:50:49', '2025-04-05 20:50:49'),
(5, 1, 'items/ocdasIntX544JZXoY80Rbc7tB3NcQTxEaPbLB1yf.jpg', 0, 5, '2025-04-05 20:50:49', '2025-04-05 20:50:49'),
(6, 2, 'items/5sxMgnySgQztfv8jXM7D2bztPS3zl2pyT8DRtswW.jpg', 1, 1, '2025-04-05 20:51:13', '2025-04-05 20:51:13'),
(7, 2, 'items/AU2FoQxNPzcy6ItnRUxnecTQNEPPOMz58NKUWevR.jpg', 0, 2, '2025-04-05 20:51:13', '2025-04-05 20:51:13'),
(8, 2, 'items/C4MeNAExcAb9pkWj7uuokaSYCTgXvGLIsnvqPuLb.jpg', 0, 3, '2025-04-05 20:51:13', '2025-04-05 20:51:13'),
(9, 2, 'items/lsNxkqdXRNA1lGVVy5Wzr9VvsmCIA64eSB5BUBO1.jpg', 0, 4, '2025-04-05 20:51:13', '2025-04-05 20:51:13'),
(10, 2, 'items/wKzVm1OfwxWBr3PCuGTAR8cUTVwDg35Fn8ta5iIH.jpg', 0, 5, '2025-04-05 20:51:13', '2025-04-05 20:51:13'),
(11, 3, 'items/sDoNMEd8mh4xUo34SCyBu6YfL9uzHkn8sMC9RiVU.jpg', 1, 1, '2025-04-05 20:51:26', '2025-04-05 20:51:26'),
(12, 3, 'items/h3xN7tQVUARJ4k44Ch2aqK7wLVugrnVzgaoVtryf.jpg', 0, 2, '2025-04-05 20:51:26', '2025-04-05 20:51:26'),
(13, 3, 'items/iMMbUE29eKIy2jh6y1PtaYUuGdYsWorQ97uaByjP.jpg', 0, 3, '2025-04-05 20:51:26', '2025-04-05 20:51:26'),
(14, 3, 'items/iISwiEpB5M3oO9ABiVmZoCbHXCowCWVYE8Uwmo79.jpg', 0, 4, '2025-04-05 20:51:26', '2025-04-05 20:51:26'),
(15, 3, 'items/q5qhXsjlR1etSqgfZlsn5iBFhL9BBgnePTKBsTwY.jpg', 0, 5, '2025-04-05 20:51:26', '2025-04-05 20:51:26'),
(19, 5, 'items/c4ZayLfpzDRKYvDmJJxqwZQ7tN02tfmc6jsWtWoB.jpg', 1, 1, '2025-04-05 20:53:14', '2025-04-05 20:53:14'),
(20, 5, 'items/FPfDbMPx9gbOzB3fozPBZIWNmCkYubNXnl6klHQs.jpg', 0, 2, '2025-04-05 20:53:14', '2025-04-05 20:53:14'),
(21, 5, 'items/Jgpip76nqxyWwlfs2tID5mhlIjkEM660cf49PHzO.jpg', 0, 3, '2025-04-05 20:53:14', '2025-04-05 20:53:14'),
(22, 5, 'items/HNsoOcx9NNgAW80tyBaI6xsgTu3sf3IP5VXfAiHo.jpg', 0, 4, '2025-04-05 20:53:14', '2025-04-05 20:53:14'),
(23, 5, 'items/1adVJfCNzQTt5dStiWTs519mTk2sItZzY3tRm64W.jpg', 0, 5, '2025-04-05 20:53:14', '2025-04-05 20:53:14'),
(24, 6, 'items/kUw1C2yVJzcNVuZTPwY5QjFIv5PhMbrN3Au304kE.jpg', 1, 1, '2025-04-05 20:53:33', '2025-04-05 20:53:33'),
(25, 6, 'items/8SBVdptcusdrWzx2A0ij59072Xg3p4C9RrGRqpqi.jpg', 0, 2, '2025-04-05 20:53:33', '2025-04-05 20:53:33'),
(26, 6, 'items/sSy7uihmePbCcxaGkqCyFQ9SLWWbTrVh3Sn1mqPN.jpg', 0, 3, '2025-04-05 20:53:33', '2025-04-05 20:53:33'),
(27, 6, 'items/BKmuWmFICRXTvHJvYVXuEyno7z0KG2efCJyibXeP.jpg', 0, 4, '2025-04-05 20:53:33', '2025-04-05 20:53:33'),
(28, 6, 'items/VE5840ueG4plupD4K0iFOalQMMCtdgDRJIbI8pqO.jpg', 0, 5, '2025-04-05 20:53:33', '2025-04-05 20:53:33'),
(29, 7, 'items/Lotda6qKtZh7COb7TCIJEr3yYcyiWdAAKaY1kk1J.jpg', 1, 1, '2025-04-05 20:53:51', '2025-04-05 20:53:51'),
(30, 7, 'items/6poSVQuBkct7TNl8ic1rCWV7jyXAvP76QFjYpcol.jpg', 0, 2, '2025-04-05 20:53:51', '2025-04-05 20:53:51'),
(31, 7, 'items/6YV2bFcK159IivJxHKBW7Fs5HKbYsCvMxhtXYL0R.jpg', 0, 3, '2025-04-05 20:53:51', '2025-04-05 20:53:51'),
(32, 7, 'items/zOpSmuPnMT4JuYGoiGkRJjtfj5p3eX5xWQp2P81X.jpg', 0, 4, '2025-04-05 20:53:51', '2025-04-05 20:53:51'),
(33, 7, 'items/QIPjXbK3FI497EnkKBfqUaTDVYFPjOHqR3R8R5nU.jpg', 0, 5, '2025-04-05 20:53:51', '2025-04-05 20:53:51'),
(34, 8, 'items/7M00GwB0RHjGQYph0tM8UUMuDc3VG8CZEIFB3muZ.jpg', 1, 1, '2025-04-05 20:54:14', '2025-04-05 20:54:14'),
(35, 8, 'items/SAOBSuypWG8EbekYIpBjhjTzCnuyCN4GAXBIwp9j.jpg', 0, 2, '2025-04-05 20:54:14', '2025-04-05 20:54:14'),
(36, 8, 'items/wZLJ2fX42JmAphYa6MmgAFTrki6eAvKIOdE6qJGF.jpg', 0, 3, '2025-04-05 20:54:14', '2025-04-05 20:54:14'),
(37, 8, 'items/8AIMQVhkUi0gdKHXMVgB6pL50un8cufX7jFJ3mIm.jpg', 0, 4, '2025-04-05 20:54:14', '2025-04-05 20:54:14'),
(38, 8, 'items/HIobpqHx4cQEk8LlaPsHsToaMj1ShNsAghQ4PL51.jpg', 0, 5, '2025-04-05 20:54:14', '2025-04-05 20:54:14'),
(39, 9, 'items/MDMu6i5SDXnYYjZ2Iz5L3wlKIkhAg0VYBMuJju4f.jpg', 1, 1, '2025-04-05 20:54:34', '2025-04-05 20:54:34'),
(40, 9, 'items/Y2ozxpRA8zvEAy9J3tc6ugsZ5KbTtvcYsg3E75d3.jpg', 0, 2, '2025-04-05 20:54:34', '2025-04-05 20:54:34'),
(41, 9, 'items/nOKhMFm9V6e3FIr2rqGEdoEoXokTrceDwAJgjZBK.jpg', 0, 3, '2025-04-05 20:54:34', '2025-04-05 20:54:34'),
(42, 9, 'items/9eshjMK8ibXhKIaP4eoP9u6rU3L5D50Mlf3nEq3V.jpg', 0, 4, '2025-04-05 20:54:34', '2025-04-05 20:54:34'),
(43, 9, 'items/sJ5cN3uniTiD4nIGv3lhOzu7l1W4LHv3KWyHu91f.jpg', 0, 5, '2025-04-05 20:54:34', '2025-04-05 20:54:34'),
(44, 10, 'items/u68Vh60wl6DANelO0Hv8WNXvILvE3EIr6Zc0ABaH.jpg', 1, 1, '2025-04-05 20:54:55', '2025-04-05 20:54:55'),
(45, 10, 'items/pofKsr4R0LzJTS0A3EEu8b06xxYYS2jxPeaqq9aA.jpg', 0, 2, '2025-04-05 20:54:55', '2025-04-05 20:54:55'),
(46, 10, 'items/61W7bNh92yKz6qgfw56XqgrEt09m3FJRAxjfqO4E.jpg', 0, 3, '2025-04-05 20:54:55', '2025-04-05 20:54:55'),
(47, 10, 'items/vAsk781kKKmOl0MT4StSEwgkAWjAZ9xpyeJxC88e.jpg', 0, 4, '2025-04-05 20:54:55', '2025-04-05 20:54:55'),
(48, 10, 'items/8eZkmFAgzfuMmABXG7oofoWVODNJbDYVKdVBMWSl.jpg', 0, 5, '2025-04-05 20:54:55', '2025-04-05 20:54:55'),
(49, 11, 'items/n0VfMZzzLrI5kgAJggD3JqNFKek07t9TnSyFoWXi.jpg', 1, 1, '2025-04-05 20:55:08', '2025-04-05 20:55:08'),
(50, 11, 'items/NuJp2UAggMZ3iCRlivRv97ZTS0g8NX4cjdPMPooB.jpg', 0, 2, '2025-04-05 20:55:08', '2025-04-05 20:55:08'),
(51, 11, 'items/pI0tMtTW2peLlgCRxS7xS5rkOJs5tPOwBLbhgivO.jpg', 0, 3, '2025-04-05 20:55:08', '2025-04-05 20:55:08'),
(52, 11, 'items/cp2BXHlw0W47fiQVjYIMV1vGxonV7Y6oII1KNOnB.jpg', 0, 4, '2025-04-05 20:55:08', '2025-04-05 20:55:08'),
(53, 11, 'items/IVGACvWbLKeJmK3zTjG2G03BV1oFsxT3hCUQAxH9.jpg', 0, 5, '2025-04-05 20:55:08', '2025-04-05 20:55:08'),
(54, 12, 'items/KQEtIdLXJuZ7ovZ5xd6csbCKOYZO9yXEa6lfr17h.jpg', 1, 1, '2025-04-05 20:55:21', '2025-04-05 20:55:21'),
(55, 12, 'items/J9zBXwMlDyQWqZnGU5Wx2Mj7DFM1XaE2ch4RMCUA.jpg', 0, 2, '2025-04-05 20:55:21', '2025-04-05 20:55:21'),
(56, 12, 'items/rkjHEznPnbEbvsxSv0lP2wHcmmMOcY9lRYZAObNE.jpg', 0, 3, '2025-04-05 20:55:21', '2025-04-05 20:55:21'),
(57, 12, 'items/Gzp6kbPyjcM5LHGsUWSAIn67bARPLiZbCLm0LLPZ.jpg', 0, 4, '2025-04-05 20:55:21', '2025-04-05 20:55:21'),
(58, 12, 'items/JcO8zru668GtG5M6VI7KaAkNMTw2UU6TcOJh7Ld4.jpg', 0, 5, '2025-04-05 20:55:21', '2025-04-05 20:55:21'),
(59, 4, 'items/Tqvqc9gAIbkxiZpCPadP5HpjgamJYuzltvyUe5CJ.jpg', 1, 1, '2025-04-05 20:55:49', '2025-04-05 20:55:49'),
(60, 4, 'items/ZiDZ0ZiHOOMnaIC7y56gsIxVCjZQ2mUmBk8nHcn2.jpg', 0, 2, '2025-04-05 20:55:49', '2025-04-05 20:55:49'),
(61, 4, 'items/xjFuCAfDD24qsfPHdXQSHesS8wM1iSoIFRfDRNKC.jpg', 0, 3, '2025-04-05 20:55:49', '2025-04-05 20:55:49'),
(62, 4, 'items/OMSBQ61UZcRNrXetN4PIcDJNXj38058NrGCaGPZe.jpg', 0, 4, '2025-04-05 20:55:49', '2025-04-05 20:55:49'),
(63, 4, 'items/qXnpmLEIRho8gojEl3Vlc1VBeEqg7cWloNypWhBK.jpg', 0, 5, '2025-04-05 20:55:49', '2025-04-05 20:55:49'),
(64, 13, 'items/4I8NFxQtC3GKYfMQFDou6D0nIdV0O0wGmkvZW0I2.jpg', 1, 1, '2025-04-05 20:56:09', '2025-04-05 20:56:09'),
(65, 13, 'items/78p4NxyR7C9pjOU0DO5ShVlhl88T0NQVakHXaiw1.jpg', 0, 2, '2025-04-05 20:56:09', '2025-04-05 20:56:09'),
(66, 13, 'items/y9NKCNvUsDgq481GBcD7KAfDWS5B2cjpW3XivzF3.jpg', 0, 3, '2025-04-05 20:56:09', '2025-04-05 20:56:09'),
(67, 13, 'items/KG6sTpX50KVxCoA7GAKiRnn2u8EuHVFboptG1dq7.jpg', 0, 4, '2025-04-05 20:56:09', '2025-04-05 20:56:09'),
(68, 13, 'items/V0bxMoMSw0pq5C7MBEc7UW8xtYmX3aWOpQT8GB74.jpg', 0, 5, '2025-04-05 20:56:09', '2025-04-05 20:56:09'),
(69, 14, 'items/HoD2LSh4vshQT8rUHDtN5MKU4guO284C4P4159gq.jpg', 1, 1, '2025-04-05 20:56:33', '2025-04-05 20:56:33'),
(70, 14, 'items/qNCxzQrel10LdByIYtY7FC59xSN9Ry4jIOtIVt8K.jpg', 0, 2, '2025-04-05 20:56:33', '2025-04-05 20:56:33'),
(71, 14, 'items/y54ANLLbou7Bq2LQmJadvj65qfFDY75hYHQFl8HD.jpg', 0, 3, '2025-04-05 20:56:33', '2025-04-05 20:56:33'),
(72, 14, 'items/42ZgIszWi8cDzDMvKapY7pAC2j3gjGwpI6qG9wJW.jpg', 0, 4, '2025-04-05 20:56:33', '2025-04-05 20:56:33'),
(73, 14, 'items/A6y6WhUlCU4gKjUS0mn6QVxa0GmtzQeCLRTQSlJ7.jpg', 0, 5, '2025-04-05 20:56:33', '2025-04-05 20:56:33'),
(74, 15, 'items/vvs8s4ohByzfupNLpxC3ogOKz2CyCAewIVZ1WBj7.jpg', 1, 1, '2025-04-05 20:56:52', '2025-04-05 20:56:52'),
(75, 15, 'items/8NTwOVkxpKE5eHxoFvLC51B2sihgudVsYUMlLPTF.jpg', 0, 2, '2025-04-05 20:56:52', '2025-04-05 20:56:52'),
(76, 15, 'items/dcmpxuTDLdqL7vdhqB6QiPoMHVfgqFxiKzKtkEfB.jpg', 0, 3, '2025-04-05 20:56:52', '2025-04-05 20:56:52'),
(77, 15, 'items/iJK9FVdqsyVXcQSOQ1lczykY3C260Tl2xNQbArBF.jpg', 0, 4, '2025-04-05 20:56:52', '2025-04-05 20:56:52'),
(78, 15, 'items/xyD34pSDMCLxrpt12jTpawXbSZYa4TWOLuoGHmEh.jpg', 0, 5, '2025-04-05 20:56:52', '2025-04-05 20:56:52'),
(79, 16, 'items/uksUj7gYLlf1HJ43vkC0XnawH6AyV9FeA1Qqd55K.jpg', 1, 1, '2025-04-05 20:57:05', '2025-04-05 20:57:05'),
(80, 16, 'items/d79zooSTPFArWXXyjiLbcobHnHdIx6w1PUfKp1Je.jpg', 0, 2, '2025-04-05 20:57:05', '2025-04-05 20:57:05'),
(81, 16, 'items/m6cIMRXm5aVt6kfcXaDaOEh0IVoNl34Z9hYIg3Cg.jpg', 0, 3, '2025-04-05 20:57:05', '2025-04-05 20:57:05'),
(82, 16, 'items/33KPZK5rKVnTVt1nqG8oUAr4oGmZqLZE5Fe2kQf7.jpg', 0, 4, '2025-04-05 20:57:05', '2025-04-05 20:57:05'),
(83, 16, 'items/v5UZbisw885NiPJSVVMRATEQhKQzw5W2fiVFkGLO.jpg', 0, 5, '2025-04-05 20:57:05', '2025-04-05 20:57:05'),
(84, 17, 'items/KsB4b7BhEWva5Q3DBuGIjAOKxeNzaWcg6GJ0nGkJ.jpg', 1, 1, '2025-04-05 20:57:16', '2025-04-05 20:57:16'),
(85, 17, 'items/UCN7LuofniipxMO2m6KVxmH5PAO2gWvSE1wzMvlV.jpg', 0, 2, '2025-04-05 20:57:16', '2025-04-05 20:57:16'),
(86, 17, 'items/R50rKoIP0cH2KdiAdsk10XaUzh3RrRLuQ1QsnQsp.jpg', 0, 3, '2025-04-05 20:57:16', '2025-04-05 20:57:16'),
(87, 17, 'items/L0mmgK0rEmsPp2xBXhGDhNvlQcJFW3oI4t6nKttr.jpg', 0, 4, '2025-04-05 20:57:16', '2025-04-05 20:57:16'),
(88, 17, 'items/UoExyL10KzmbU6PcF11baYLoZrq6iQGzAJGBJ45h.jpg', 0, 5, '2025-04-05 20:57:16', '2025-04-05 20:57:16'),
(89, 18, 'items/C89k871HJTzAlGV1WQF0cMGV9f3DND2jGNA5vKBH.jpg', 1, 1, '2025-04-05 20:57:45', '2025-04-05 20:57:45'),
(90, 18, 'items/pcrE9BNhuFaKsH36uHBVLEMfLUDBYBsqmnufLAKq.jpg', 0, 2, '2025-04-05 20:57:45', '2025-04-05 20:57:45'),
(91, 18, 'items/aauubXca7YsAliGFxRjIk3PC25zAOcO1pYTsUQgu.jpg', 0, 3, '2025-04-05 20:57:45', '2025-04-05 20:57:45'),
(92, 18, 'items/wza5v30nQdBO7mB1vwMMee7spOrEkHaa3J6BFnIW.jpg', 0, 4, '2025-04-05 20:57:45', '2025-04-05 20:57:45'),
(93, 18, 'items/S06DTOxD1KVEpmvtbRHKRqrZsfg2KZSR3pzSxgoH.jpg', 0, 5, '2025-04-05 20:57:45', '2025-04-05 20:57:45'),
(94, 19, 'items/1KHYnairw1XfoaycJ4mj784budOzuiJy0EtEsykq.jpg', 1, 1, '2025-04-05 20:58:00', '2025-04-05 20:58:00'),
(95, 19, 'items/KTnG6bkGnUWRDGzCJONk2PdkDo71vlEZwXRgLxTJ.jpg', 0, 2, '2025-04-05 20:58:00', '2025-04-05 20:58:00'),
(96, 19, 'items/Y1JWVPpa1rb6vwtoSJGIIbY7hAveJWFU8kcJNtfE.jpg', 0, 3, '2025-04-05 20:58:00', '2025-04-05 20:58:00'),
(97, 19, 'items/EWsEUTfv8a5V3enna0FWGuT8qgTkE7XKHKOCr3A6.jpg', 0, 4, '2025-04-05 20:58:00', '2025-04-05 20:58:00'),
(98, 19, 'items/zptN04acJRcNW3sOYUSopB1I8DUdNMJqNCMNJ37E.jpg', 0, 5, '2025-04-05 20:58:00', '2025-04-05 20:58:00'),
(99, 20, 'items/jR1PjGHlPHcjEln7MY61OR6AoTyuQlsLCUCg4Hgd.jpg', 1, 1, '2025-04-05 20:58:09', '2025-04-05 20:58:09'),
(100, 20, 'items/fIyRiw5OABk2uMnzHpnDAdQjFyKryuS8BdAaaoHa.jpg', 0, 2, '2025-04-05 20:58:09', '2025-04-05 20:58:09'),
(101, 20, 'items/bKcdjoOf6M6ADmqnsG3LqYA1E8CrZvxK8Y8nLDjK.jpg', 0, 3, '2025-04-05 20:58:09', '2025-04-05 20:58:09'),
(102, 20, 'items/3MtEUdbkavH4RGXq9LJjTFdzZn0PuoBfKmxIzvrj.jpg', 0, 4, '2025-04-05 20:58:09', '2025-04-05 20:58:09'),
(103, 20, 'items/OQCq9qqmnZRF2PxfuvcWAnYOo0fXMmxjKTNl682g.jpg', 0, 5, '2025-04-05 20:58:09', '2025-04-05 20:58:09'),
(104, 21, 'items/FD7sLplWiygzRXKmxe0zh1lkwda2xZV1mQCd6IX3.jpg', 1, 1, '2025-04-05 20:58:25', '2025-04-05 20:58:25'),
(105, 21, 'items/bXtqC7IW8kTmmLKJQgJwdnaeBLwJTbMetAjJqX44.jpg', 0, 2, '2025-04-05 20:58:25', '2025-04-05 20:58:25'),
(106, 21, 'items/PiKgE7uHLMJqiGPhFvOUSLqY9Cml0M98y7snyA1k.jpg', 0, 3, '2025-04-05 20:58:25', '2025-04-05 20:58:25'),
(107, 21, 'items/2HxPnTScMjlErO8DL0ns64iYSfTLRdpVddGLJnBB.jpg', 0, 4, '2025-04-05 20:58:25', '2025-04-05 20:58:25'),
(108, 21, 'items/4TDJqvZ4Bwpmiycu628DnIQU8Po182wi67DP3djw.jpg', 0, 5, '2025-04-05 20:58:25', '2025-04-05 20:58:25'),
(109, 22, 'items/8cG2RBRY9DEvsnVXME9zJ2aZHQvAx60dB9BhOQx3.jpg', 1, 1, '2025-04-05 20:58:51', '2025-04-05 20:58:51'),
(110, 22, 'items/ltm3a7ysNqdAJB7lv4zhP8CVTMy0aiUGUn8jYFvI.jpg', 0, 2, '2025-04-05 20:58:51', '2025-04-05 20:58:51'),
(111, 22, 'items/2L5asUlA18OKCfdwurL6Zc1exM4cGuldke1TkbJC.jpg', 0, 3, '2025-04-05 20:58:51', '2025-04-05 20:58:51'),
(112, 22, 'items/gCyYrt5NJmET81TeP2l0Zv0T7x6QfwXHoi7YYnkZ.jpg', 0, 4, '2025-04-05 20:58:51', '2025-04-05 20:58:51'),
(113, 22, 'items/UnNEKy7QnxTrEfAWxMEXIhucYvr2vZuHOEytnbIg.jpg', 0, 5, '2025-04-05 20:58:51', '2025-04-05 20:58:51'),
(114, 23, 'items/NJMTayAqlwK2iCC8DT4sBohjksfYqjzX1N2dKVMW.jpg', 1, 1, '2025-04-05 20:59:00', '2025-04-05 20:59:00'),
(115, 23, 'items/4W7vBjLkWIcsG8r1IzQyBWSDxKjGdvJJ6yBZoZSd.jpg', 0, 2, '2025-04-05 20:59:00', '2025-04-05 20:59:00'),
(116, 23, 'items/zMFyrCj8GtCflsMPQOICqa5pMGW41CnmkLB4Az6j.jpg', 0, 3, '2025-04-05 20:59:00', '2025-04-05 20:59:00'),
(117, 23, 'items/RSSkXmLHwwDZvSBksyXoEdiTHfpzlKUC74x1qr4X.jpg', 0, 4, '2025-04-05 20:59:00', '2025-04-05 20:59:00'),
(118, 23, 'items/uAc16CCCQjpOdB5AiQRKoE6FWeSNxKWRtrDAOvpn.jpg', 0, 5, '2025-04-05 20:59:00', '2025-04-05 20:59:00'),
(119, 24, 'items/mD6AN72s7ZpKY0ku0plKE9J8IFUxv6saiddPKEVM.jpg', 1, 1, '2025-04-05 20:59:12', '2025-04-05 20:59:12'),
(120, 24, 'items/96KxlQvFNTVB22YSSrepzY9WPVgnNQpnUb1wN0ZL.jpg', 0, 2, '2025-04-05 20:59:12', '2025-04-05 20:59:12'),
(121, 24, 'items/i6Q40aJPi1TaBneyB6ET2VGji5NEFaMGhdPb9Qew.jpg', 0, 3, '2025-04-05 20:59:12', '2025-04-05 20:59:12'),
(122, 24, 'items/2xZyXz4J7Zfr1CEybbsPs8iY3hBpc2DJGYwvhAF9.jpg', 0, 4, '2025-04-05 20:59:12', '2025-04-05 20:59:12'),
(123, 24, 'items/psaXHQxroJwQVJoluhLccUfsndw8r2wF8jfvWE0U.jpg', 0, 5, '2025-04-05 20:59:12', '2025-04-05 20:59:12'),
(124, 25, 'items/JPCMvwDaU1CqDfC5kBStBOq49WdJ1JispM6RRIx0.jpg', 1, 1, '2025-04-05 20:59:27', '2025-04-05 20:59:27'),
(125, 25, 'items/FGY4xPBrdjnXzGFmZ34YWw0PXDCGEetJD2CuUtuq.jpg', 0, 2, '2025-04-05 20:59:27', '2025-04-05 20:59:27'),
(126, 25, 'items/y39KAGzNxBlbQepAEnUuzAZDPJkZK3wIfsB5AMkD.jpg', 0, 3, '2025-04-05 20:59:27', '2025-04-05 20:59:27'),
(127, 25, 'items/o2oFXUZXRLNTV13ZW1HJX3IgSYBOu9AionipsLng.jpg', 0, 4, '2025-04-05 20:59:27', '2025-04-05 20:59:27'),
(128, 25, 'items/Jtv4VRu6hlJHXn0qusxS4lLFLRk5FQyu38SEBpX5.jpg', 0, 5, '2025-04-05 20:59:27', '2025-04-05 20:59:27'),
(129, 26, 'items/do2CE1J3GIecdRbf0GqepjZhlKVqxvjK9PRviDUq.jpg', 1, 1, '2025-04-05 21:00:03', '2025-04-05 21:00:03'),
(130, 26, 'items/UolxWCGceAvtVJ1oQYqUoN83yPFGRuDSQvGn4zvn.jpg', 0, 2, '2025-04-05 21:00:03', '2025-04-05 21:00:03'),
(131, 26, 'items/zqLri5Z7hrARDGEgLgHq37kdYEv3L2TmUfXmY56Z.jpg', 0, 3, '2025-04-05 21:00:03', '2025-04-05 21:00:03'),
(132, 26, 'items/vTzbGWNfG5oIR8e43ZAQarlw1sZhT4R6HsuSCUZT.jpg', 0, 4, '2025-04-05 21:00:03', '2025-04-05 21:00:03'),
(133, 26, 'items/O2oUKjvmvNw86lQp7uupyPfU7KuWcDlc7m5spbrO.jpg', 0, 5, '2025-04-05 21:00:03', '2025-04-05 21:00:03'),
(134, 27, 'items/Pm9P2aQxtM3rmuOyBGk4TVTOShjxhVDVr4YSUnUQ.jpg', 1, 1, '2025-04-05 21:00:15', '2025-04-05 21:00:15'),
(135, 27, 'items/53vTPAzEkUsv3aUHp99dEmFb0XcoAc6xL6pdt5Ru.jpg', 0, 2, '2025-04-05 21:00:15', '2025-04-05 21:00:15'),
(136, 27, 'items/mV15cj3c21pTndMlJzbowmqyCqLeqPSBdKc9YIRn.jpg', 0, 3, '2025-04-05 21:00:15', '2025-04-05 21:00:15'),
(137, 27, 'items/yWdWqbEttTeqNgIujYMy1CX5jd1gOUJEAH4BtlgK.jpg', 0, 4, '2025-04-05 21:00:15', '2025-04-05 21:00:15'),
(138, 27, 'items/uaIQXSn048TsZsWbVrjn1r9z4Rdfg1ta5XJanrDv.jpg', 0, 5, '2025-04-05 21:00:15', '2025-04-05 21:00:15'),
(139, 28, 'items/HynjlV0yGVHS7tjai1gkwBscM9NHGVuD9klRI3Kt.jpg', 1, 1, '2025-04-05 21:00:29', '2025-04-05 21:00:29'),
(140, 28, 'items/ieypV5kPps1rpYdDlgpM3kKcdBEaWsleP5Ifu8QC.jpg', 0, 2, '2025-04-05 21:00:29', '2025-04-05 21:00:29'),
(141, 28, 'items/6zO6KBYroum4eMBMgCWw1jtIClZgZkkPFcxuG1zO.jpg', 0, 3, '2025-04-05 21:00:29', '2025-04-05 21:00:29'),
(142, 28, 'items/ZgK5sEHOkNUaI2wR4FxnkVKj3Id8QCZDjETqFtyw.jpg', 0, 4, '2025-04-05 21:00:29', '2025-04-05 21:00:29'),
(143, 28, 'items/06Gv0hESHNjPZsR7fNv3U8Ohv802vIPoJr0PjV4e.jpg', 0, 5, '2025-04-05 21:00:29', '2025-04-05 21:00:29'),
(144, 29, 'items/6E9YidwsiScETjgvaDIw7UQOo0a6nUcyQGhXoO0G.jpg', 1, 1, '2025-04-05 21:00:38', '2025-04-05 21:00:38'),
(145, 29, 'items/KHJYVBOgBpjfpoqHq5QpvvveNv8L6fOe4jorVGZI.jpg', 0, 2, '2025-04-05 21:00:38', '2025-04-05 21:00:38'),
(146, 29, 'items/6E96i0CvbSr33f4kMgA7jM4dml1KOsuQAKifRZBo.jpg', 0, 3, '2025-04-05 21:00:38', '2025-04-05 21:00:38'),
(147, 29, 'items/16I58MwE9PjVHal1ialPN5WXyDvMmPo3mZH99DtG.jpg', 0, 4, '2025-04-05 21:00:38', '2025-04-05 21:00:38'),
(148, 29, 'items/B6PJV57EKGSiclMfbjaJfxnSZA9De3trVBfx6kNT.jpg', 0, 5, '2025-04-05 21:00:38', '2025-04-05 21:00:38'),
(149, 30, 'items/CtAQ2H8I5WzTQcO8ZmzYl5umHvCOqip9JOxeAamq.jpg', 1, 1, '2025-04-05 21:00:52', '2025-04-05 21:00:52'),
(150, 30, 'items/Lk99bYJmHdZoQtGvZBqRAcv81FGqMuAL9KTn6pbA.jpg', 0, 2, '2025-04-05 21:00:52', '2025-04-05 21:00:52'),
(151, 30, 'items/FIevU1NTbcJHbaEKRN0awFpyiCjzXFqzAgvEYqG8.jpg', 0, 3, '2025-04-05 21:00:52', '2025-04-05 21:00:52'),
(152, 30, 'items/7jfz8QxqJ53b3Oo7twqVFmknEXRFYgpjFQIwUa7J.jpg', 0, 4, '2025-04-05 21:00:52', '2025-04-05 21:00:52'),
(153, 30, 'items/F4WdAf1a6vmMEnhL8S0ffCRPg1yP7iDhGIssZN6y.jpg', 0, 5, '2025-04-05 21:00:52', '2025-04-05 21:00:52'),
(154, 31, 'items/pB2UnUZRix79jeDeQZ04MvKAYVkouXvsKY6w2cBo.jpg', 1, 1, '2025-04-05 21:01:03', '2025-04-05 21:01:03'),
(155, 31, 'items/eqKy0hVLlshnuDH1FUEgQuBKjNIFYce87KYDNerN.jpg', 0, 2, '2025-04-05 21:01:03', '2025-04-05 21:01:03'),
(156, 31, 'items/YWjk7EBqpAfhTYgL726JHp2QB0Y7DDntSJuaG9Nx.jpg', 0, 3, '2025-04-05 21:01:03', '2025-04-05 21:01:03'),
(157, 31, 'items/Uk7fb87S5ptk4NJm6rPxbURooi3UaWz5tnKd6BS8.jpg', 0, 4, '2025-04-05 21:01:03', '2025-04-05 21:01:03'),
(158, 31, 'items/XpnjbKMWVvTXY1HWH1hwPj0VYPLO6PG88ga4ThtB.jpg', 0, 5, '2025-04-05 21:01:03', '2025-04-05 21:01:03'),
(159, 32, 'items/J4Vi2vXsIsP3sdnhmxKITaZ5FvvVF7zxWVQqzt2G.jpg', 1, 1, '2025-04-05 21:01:17', '2025-04-05 21:01:17'),
(160, 32, 'items/qMNtKEoLzeEnOBJTB5aqZmDZ4F7vfAz2ooBwatBt.jpg', 0, 2, '2025-04-05 21:01:17', '2025-04-05 21:01:17'),
(161, 32, 'items/HKikv5a2iFaIyP57fZsDl5LCD3KGYkCc8jD77QmD.jpg', 0, 3, '2025-04-05 21:01:17', '2025-04-05 21:01:17'),
(162, 32, 'items/LF6LcFbfTtqG0AkAuDt1dzucWyGNHqBJMSewv7E8.jpg', 0, 4, '2025-04-05 21:01:17', '2025-04-05 21:01:17'),
(163, 32, 'items/K3ykhtFucFgYCthuU6iPQHDHGxvYmNZYIZHO0Sub.jpg', 0, 5, '2025-04-05 21:01:17', '2025-04-05 21:01:17'),
(164, 33, 'items/vCgsTkop6YzuRChCRqdh378QD0xZlDp4pHZDLYGZ.jpg', 1, 1, '2025-04-05 21:01:27', '2025-04-05 21:01:27'),
(165, 33, 'items/elX4wAhQnb0by23fwTbiGIrjVOJ33ODptbh7TI8k.jpg', 0, 2, '2025-04-05 21:01:27', '2025-04-05 21:01:27'),
(166, 33, 'items/WyyqPcBDzWDk5bRgv66KBd8C0aDmlLo3njibCneJ.jpg', 0, 3, '2025-04-05 21:01:27', '2025-04-05 21:01:27'),
(167, 33, 'items/RxMiAC5ru4Vy5elb07N6y5mcmq8B10kSc5WICTM6.jpg', 0, 4, '2025-04-05 21:01:27', '2025-04-05 21:01:27'),
(168, 33, 'items/KH0Mc9EzyT0J2pMKOvFcperkJ6cD6cjkuXnFGLRW.jpg', 0, 5, '2025-04-05 21:01:27', '2025-04-05 21:01:27'),
(169, 34, 'items/FahymATP9BNfhKJf48pWbj86s4M83SVI4ila56Jm.jpg', 1, 1, '2025-04-05 21:01:40', '2025-04-05 21:01:40'),
(170, 34, 'items/sjYC6fsLzIqbCbBZdNqHMetHA2daWpzEjEIXbL9P.jpg', 0, 2, '2025-04-05 21:01:40', '2025-04-05 21:01:40'),
(171, 34, 'items/rWdrZWPeOBibyUw4faDdHabNunAqfx9Mvl9arzfn.jpg', 0, 3, '2025-04-05 21:01:40', '2025-04-05 21:01:40'),
(172, 34, 'items/Gpz70V23dnS3LSlQl2qGNEZdQhKDDHmL1qdXla4i.jpg', 0, 4, '2025-04-05 21:01:40', '2025-04-05 21:01:40'),
(173, 34, 'items/Yxv21W14el0W8csPMwhl6mwYKIMM4SgIOm8bSJLR.jpg', 0, 5, '2025-04-05 21:01:40', '2025-04-05 21:01:40'),
(174, 35, 'items/YrUHi8jGJLwTBMK3IIClaIC2kQ8kiYrkYspfUOU8.jpg', 1, 1, '2025-04-05 21:01:49', '2025-04-05 21:01:49'),
(175, 35, 'items/iaFw7KydHI361FORrF6wbrjfB64XB38QyswxNEZ0.jpg', 0, 2, '2025-04-05 21:01:49', '2025-04-05 21:01:49'),
(176, 35, 'items/cibfSjz3iwBwrfgmxBzpjAkPWvWMgYDIGzSF2FAA.jpg', 0, 3, '2025-04-05 21:01:49', '2025-04-05 21:01:49'),
(177, 35, 'items/WWrXr457A1pDfkUUJb21WKscWCULj6q8Czjr5q3G.jpg', 0, 4, '2025-04-05 21:01:49', '2025-04-05 21:01:49'),
(178, 35, 'items/NrAL27AY3aNnnZBbyGwXDDPNy75UEZ6nG8hsj7j2.jpg', 0, 5, '2025-04-05 21:01:49', '2025-04-05 21:01:49'),
(179, 36, 'items/9uy9hC0kOiN4a4nuPuX6eSQYAFrimnXoqXCxg65T.jpg', 1, 1, '2025-04-05 21:01:59', '2025-04-05 21:01:59'),
(180, 36, 'items/mx0mm28vzAodzoAAnUKC7cg9OLAyFkvCgj3VuRHd.jpg', 0, 2, '2025-04-05 21:01:59', '2025-04-05 21:01:59'),
(181, 36, 'items/Vrmv6WFXfrrauQYayIkfEkhlzEhRpxpuu0UXKhXp.jpg', 0, 3, '2025-04-05 21:01:59', '2025-04-05 21:01:59'),
(182, 36, 'items/DZnUmfSQS0YOrsn0RW5FC1UwfPhBXwUV5ZX2IPgZ.jpg', 0, 4, '2025-04-05 21:01:59', '2025-04-05 21:01:59'),
(183, 36, 'items/WyFgc2fB1Xwcl5qRb04LHXyTF3uuNoBDiaxviz9c.jpg', 0, 5, '2025-04-05 21:01:59', '2025-04-05 21:01:59'),
(184, 37, 'items/fsABWTRJmzGGdnCIUVknUzxr1aws88YezTeIKwOr.jpg', 1, 1, '2025-04-05 21:02:09', '2025-04-05 21:02:09'),
(185, 37, 'items/rnQZE2AavmpNQfwH8NnfXFYCWThvpWqun1Bi5B5b.jpg', 0, 2, '2025-04-05 21:02:09', '2025-04-05 21:02:09'),
(186, 37, 'items/n9WAL1SwaPb5dgUxOfICNfA8vYQ1YvUx5F33cJ0Y.jpg', 0, 3, '2025-04-05 21:02:09', '2025-04-05 21:02:09'),
(187, 37, 'items/rOlRZZWCDQrX6CVF4ooKhVyfq59mLpvjDnDd9KEg.jpg', 0, 4, '2025-04-05 21:02:09', '2025-04-05 21:02:09'),
(188, 37, 'items/1LqnfMBMOn0hXhYSDtu6Zua8BCflMwu3tpxdtf8N.jpg', 0, 5, '2025-04-05 21:02:09', '2025-04-05 21:02:09'),
(189, 38, 'items/JeDRHu5E35llMhnHYb5A5rYh7DOGBEm4JiacIzQ3.jpg', 1, 1, '2025-04-05 21:02:29', '2025-04-05 21:02:29'),
(190, 38, 'items/s9f5TLcPlXlC9HT9Qx32E2WLxtSSJ3EnixSIpgxG.jpg', 0, 2, '2025-04-05 21:02:29', '2025-04-05 21:02:29'),
(191, 38, 'items/ZxVzg9SWuLfLpIbpskKxsCgO1OHwp5RE3gvff86S.jpg', 0, 3, '2025-04-05 21:02:29', '2025-04-05 21:02:29'),
(192, 38, 'items/acJtY4PzFnUsLPxxO84QZa21GdMfPc2rfUUykEko.jpg', 0, 4, '2025-04-05 21:02:29', '2025-04-05 21:02:29'),
(193, 38, 'items/eSCG7jViGyK5yH5Gq1ueLUfXmvwN8zMHdTcFT5QS.jpg', 0, 5, '2025-04-05 21:02:29', '2025-04-05 21:02:29'),
(194, 39, 'items/qHMYqkSMq6YZcVtK7So58imxblGPmNApnOm1lMpa.jpg', 1, 1, '2025-04-05 21:02:38', '2025-04-05 21:02:38'),
(195, 39, 'items/S7h1lIxRg9HqFTQxMq4sTKgTVUvjGNjnL0DjNTIm.jpg', 0, 2, '2025-04-05 21:02:38', '2025-04-05 21:02:38'),
(196, 39, 'items/h2yF1jJzqHB2D9kqV4BbcJvX5KPsxhEkohAC62RZ.jpg', 0, 3, '2025-04-05 21:02:38', '2025-04-05 21:02:38'),
(197, 39, 'items/iAuaPtswdteWMP6WVOSYJYXGwFUG3YWAFwKbTkq5.jpg', 0, 4, '2025-04-05 21:02:38', '2025-04-05 21:02:38'),
(198, 39, 'items/YiseGftAJtyYi3uW3XfGYVT9Brg3GQBTm6sa9TE5.jpg', 0, 5, '2025-04-05 21:02:38', '2025-04-05 21:02:38'),
(199, 40, 'items/zARIT6gJ93I0PjEJt0hW9qqYG5Uv9fUcWLvOHgb8.jpg', 1, 1, '2025-04-05 21:02:51', '2025-04-05 21:02:51'),
(200, 40, 'items/DspBPUomJrXBhwCAOjwYisFjA1vGdLGrC5VErMSb.jpg', 0, 2, '2025-04-05 21:02:51', '2025-04-05 21:02:51'),
(201, 40, 'items/rYRIgFsfiG5bzIFqTvfp2azRPcV3PIXC2mVje2lv.jpg', 0, 3, '2025-04-05 21:02:51', '2025-04-05 21:02:51'),
(202, 40, 'items/9GiJuKprc110IhwdmxBpFK11wMc3ZiTlpYCC2twn.jpg', 0, 4, '2025-04-05 21:02:51', '2025-04-05 21:02:51'),
(203, 40, 'items/jd9Mu8DCdDLDMRbNSyknaeT7IDUuDafPlisvtg5Z.jpg', 0, 5, '2025-04-05 21:02:51', '2025-04-05 21:02:51'),
(204, 41, 'items/sGt7VgG8tkTeJBjdnXv5G4Zc4e0kSXTkthyKH0ql.jpg', 1, 1, '2025-04-05 21:03:04', '2025-04-05 21:03:04'),
(205, 41, 'items/ESRb3dkFejXgpyn9To76LNkBz6vR8vnyev9sSyIk.jpg', 0, 2, '2025-04-05 21:03:04', '2025-04-05 21:03:04'),
(206, 41, 'items/t52Y1kl4sUm5NOALgDOoWeDDrQ5G9BxbMExtcCKj.jpg', 0, 3, '2025-04-05 21:03:04', '2025-04-05 21:03:04'),
(207, 41, 'items/NlH5bZUYDMnriVgVCyoIlyeBQE6kIHJ3aU80GFMJ.jpg', 0, 4, '2025-04-05 21:03:04', '2025-04-05 21:03:04'),
(208, 41, 'items/u6OI7evxYl2KaAEL6VeT5gSVaNsCb0Z7tNtEhKLX.jpg', 0, 5, '2025-04-05 21:03:04', '2025-04-05 21:03:04');

-- --------------------------------------------------------

--
-- Table structure for table `migrations`
--

CREATE TABLE `migrations` (
  `id` int(10) UNSIGNED NOT NULL,
  `migration` varchar(255) NOT NULL,
  `batch` int(11) NOT NULL
) ENGINE=InnoDB DEFAULT CHARSET=utf8mb4 COLLATE=utf8mb4_unicode_ci;

--
-- Dumping data for table `migrations`
--

INSERT INTO `migrations` (`id`, `migration`, `batch`) VALUES
(1, '0001_01_01_000000_create_users_table', 1),
(2, '2014_10_12_100000_create_password_reset_tokens_table', 1),
(3, '2014_10_12_100000_create_password_resets_table', 1),
(4, '2019_08_19_000000_create_failed_jobs_table', 1),
(5, '2019_12_14_000001_create_personal_access_tokens_table', 1),
(6, '2025_03_11_094828_create_genres_table', 1),
(7, '2025_03_11_094833_create_statuses_table', 1),
(8, '2025_03_11_094839_create_customers_table', 1),
(9, '2025_03_11_094852_create_items_table', 1),
(10, '2025_03_11_094903_create_stocks_table', 1),
(11, '2025_03_11_094911_create_orderinfos_table', 1),
(12, '2025_03_11_094933_create_orderlines_table', 1),
(13, '2025_03_11_094941_create_reviews_table', 1),
(14, '2025_03_11_094957_create_bad_words_table', 1),
(15, '2025_03_11_102341_create_sessions_table', 1),
(16, '2025_03_13_011937_create_genre_item_table', 1),
(17, '2025_03_15_005510_create_roles_table', 1),
(18, '2025_03_15_005534_create_item_images_table', 1),
(19, '2025_03_15_005649_add_soft_deletes_to_items_table', 1),
(20, '2025_03_15_054538_create_publishers_table', 1),
(21, '2025_03_15_054549_create_authors_table', 1),
(22, '2025_03_15_054559_create_author_item_table', 1),
(23, '2025_03_15_054729_add_publisher_id_to_items_table', 1),
(24, '2025_03_15_054755_remove_publisher_and_author_columns_from_items_table', 1),
(25, '2025_03_31_225758_add_photo_to_users_table', 1);

-- --------------------------------------------------------

--
-- Table structure for table `orderinfos`
--

CREATE TABLE `orderinfos` (
  `id` bigint(20) UNSIGNED NOT NULL,
  `customer_id` bigint(20) UNSIGNED NOT NULL,
  `date_placed` date NOT NULL,
  `date_shipped` date DEFAULT NULL,
  `shipping` decimal(10,2) NOT NULL,
  `status_id` bigint(20) UNSIGNED NOT NULL,
  `notes` text DEFAULT NULL,
  `created_at` timestamp NULL DEFAULT NULL,
  `updated_at` timestamp NULL DEFAULT NULL
) ENGINE=InnoDB DEFAULT CHARSET=utf8mb4 COLLATE=utf8mb4_unicode_ci;

-- --------------------------------------------------------

--
-- Table structure for table `orderlines`
--

CREATE TABLE `orderlines` (
  `orderinfo_id` bigint(20) UNSIGNED NOT NULL,
  `item_id` bigint(20) UNSIGNED NOT NULL,
  `quantity` int(11) NOT NULL,
  `price` decimal(10,2) NOT NULL COMMENT 'Price at time of purchase',
  `created_at` timestamp NULL DEFAULT NULL,
  `updated_at` timestamp NULL DEFAULT NULL
) ENGINE=InnoDB DEFAULT CHARSET=utf8mb4 COLLATE=utf8mb4_unicode_ci;

-- --------------------------------------------------------

--
-- Table structure for table `password_resets`
--

CREATE TABLE `password_resets` (
  `email` varchar(255) NOT NULL,
  `token` varchar(255) NOT NULL,
  `created_at` timestamp NULL DEFAULT NULL
) ENGINE=InnoDB DEFAULT CHARSET=utf8mb4 COLLATE=utf8mb4_unicode_ci;

-- --------------------------------------------------------

--
-- Table structure for table `password_reset_tokens`
--

CREATE TABLE `password_reset_tokens` (
  `email` varchar(255) NOT NULL,
  `token` varchar(255) NOT NULL,
  `created_at` timestamp NULL DEFAULT NULL
) ENGINE=InnoDB DEFAULT CHARSET=utf8mb4 COLLATE=utf8mb4_unicode_ci;

-- --------------------------------------------------------

--
-- Table structure for table `personal_access_tokens`
--

CREATE TABLE `personal_access_tokens` (
  `id` bigint(20) UNSIGNED NOT NULL,
  `tokenable_type` varchar(255) NOT NULL,
  `tokenable_id` bigint(20) UNSIGNED NOT NULL,
  `name` varchar(255) NOT NULL,
  `token` varchar(64) NOT NULL,
  `abilities` text DEFAULT NULL,
  `last_used_at` timestamp NULL DEFAULT NULL,
  `expires_at` timestamp NULL DEFAULT NULL,
  `created_at` timestamp NULL DEFAULT NULL,
  `updated_at` timestamp NULL DEFAULT NULL
) ENGINE=InnoDB DEFAULT CHARSET=utf8mb4 COLLATE=utf8mb4_unicode_ci;

-- --------------------------------------------------------

--
-- Table structure for table `publishers`
--

CREATE TABLE `publishers` (
  `id` bigint(20) UNSIGNED NOT NULL,
  `name` varchar(255) NOT NULL,
  `description` text DEFAULT NULL,
  `country` varchar(255) DEFAULT NULL,
  `website` varchar(255) DEFAULT NULL,
  `created_at` timestamp NULL DEFAULT NULL,
  `updated_at` timestamp NULL DEFAULT NULL
) ENGINE=InnoDB DEFAULT CHARSET=utf8mb4 COLLATE=utf8mb4_unicode_ci;

--
-- Dumping data for table `publishers`
--

INSERT INTO `publishers` (`id`, `name`, `description`, `country`, `website`, `created_at`, `updated_at`) VALUES
(1, 'Hakusensha', 'Japanese publisher known for seinen and shoujo manga. Publisher of Berserk by Kentaro Miura and other acclaimed manga series.', 'Japan', 'https://www.hakusensha.co.jp', '2025-04-05 20:49:10', '2025-04-05 20:49:10'),
(2, 'Kodansha Comics', 'The English-language publishing arm of Kodansha, one of Japan\'s largest publishers. Known for publishing Attack on Titan, Vinland Saga, and many other popular manga series.', 'Japan', 'https://kodansha.us', '2025-04-05 20:49:10', '2025-04-05 20:49:10'),
(3, 'Shueisha', 'One of the largest publishing companies in Japan. Publisher of Weekly Shonen Jump and home to many popular manga series including Haikyu!!, Slam Dunk, One Piece, and Naruto.', 'Japan', 'https://www.shueisha.co.jp', '2025-04-05 20:49:10', '2025-04-05 20:49:10'),
(4, 'Viz Media', 'One of the largest publishers of manga in the United States.', 'United States', 'https://www.viz.com', '2025-04-05 20:49:10', '2025-04-05 20:49:10'),
(5, 'Yen Press', 'A publishing company specializing in manga and graphic novels.', 'United States', 'https://yenpress.com', '2025-04-05 20:49:10', '2025-04-05 20:49:10'),
(6, 'Seven Seas Entertainment', 'An American publishing company that specializes in manga and light novels.', 'United States', 'https://sevenseasentertainment.com', '2025-04-05 20:49:10', '2025-04-05 20:49:10'),
(7, 'Dark Horse Comics', 'An American comic book and manga publisher.', 'United States', 'https://www.darkhorse.com', '2025-04-05 20:49:10', '2025-04-05 20:49:10'),
(8, 'Vertical Comics', 'A publisher focused on quality manga and Japanese literature.', 'United States', 'https://vertical-inc.com', '2025-04-05 20:49:10', '2025-04-05 20:49:10'),
(9, 'Square Enix Manga', 'The manga publishing division of Square Enix.', 'Japan', 'https://www.square-enix.com', '2025-04-05 20:49:10', '2025-04-05 20:49:10'),
(10, 'Tokyopop', 'A distributor, licensor, and publisher of manga and anime.', 'United States', 'https://www.tokyopop.com', '2025-04-05 20:49:10', '2025-04-05 20:49:10'),
(11, 'Kadokawa', 'A major Japanese publishing company that produces manga and light novels.', 'Japan', 'https://www.kadokawa.co.jp', '2025-04-05 20:49:10', '2025-04-05 20:49:10'),
(12, 'Shogakukan', 'One of the largest publishers in Japan, known for Weekly Shonen Sunday.', 'Japan', 'https://www.shogakukan.co.jp', '2025-04-05 20:49:10', '2025-04-05 20:49:10'),
(13, 'Futabasha', 'Japanese publisher known for seinen manga.', 'Japan', 'https://www.futabasha.co.jp', '2025-04-05 20:49:10', '2025-04-05 20:49:10'),
(14, 'Akita Shoten', 'Japanese publisher of Weekly Shonen Champion.', 'Japan', 'https://www.akitashoten.co.jp', '2025-04-05 20:49:10', '2025-04-05 20:49:10'),
(15, 'Shinshokan', 'Japanese publisher known for BL (Boys\' Love) manga and light novels.', 'Japan', 'https://www.shinshokan.co.jp', '2025-04-05 20:49:10', '2025-04-05 20:49:10'),
(16, 'Takeshobo', 'Japanese publisher known for seinen manga and comedy titles.', 'Japan', 'https://www.takeshobo.co.jp', '2025-04-05 20:49:10', '2025-04-05 20:49:10');

-- --------------------------------------------------------

--
-- Table structure for table `reviews`
--

CREATE TABLE `reviews` (
  `id` bigint(20) UNSIGNED NOT NULL,
  `user_id` bigint(20) UNSIGNED NOT NULL,
  `item_id` bigint(20) UNSIGNED NOT NULL,
  `rating` int(11) NOT NULL COMMENT '1-5 stars',
  `comment` text NOT NULL,
  `is_approved` tinyint(1) NOT NULL DEFAULT 0,
  `created_at` timestamp NULL DEFAULT NULL,
  `updated_at` timestamp NULL DEFAULT NULL
) ENGINE=InnoDB DEFAULT CHARSET=utf8mb4 COLLATE=utf8mb4_unicode_ci;

-- --------------------------------------------------------

--
-- Table structure for table `roles`
--

CREATE TABLE `roles` (
  `id` bigint(20) UNSIGNED NOT NULL,
  `name` varchar(255) NOT NULL,
  `slug` varchar(255) NOT NULL,
  `description` text DEFAULT NULL,
  `created_at` timestamp NULL DEFAULT NULL,
  `updated_at` timestamp NULL DEFAULT NULL
) ENGINE=InnoDB DEFAULT CHARSET=utf8mb4 COLLATE=utf8mb4_unicode_ci;

--
-- Dumping data for table `roles`
--

INSERT INTO `roles` (`id`, `name`, `slug`, `description`, `created_at`, `updated_at`) VALUES
(1, 'Administrator', 'admin', 'Full access to all system features', '2025-04-05 20:49:08', '2025-04-05 20:49:08'),
(2, 'Staff', 'staff', 'Access to manage content and orders', '2025-04-05 20:49:08', '2025-04-05 20:49:08'),
(3, 'Customer', 'customer', 'Regular customer access', '2025-04-05 20:49:08', '2025-04-05 20:49:08');

-- --------------------------------------------------------

--
-- Table structure for table `sessions`
--

CREATE TABLE `sessions` (
  `id` varchar(255) NOT NULL,
  `user_id` bigint(20) UNSIGNED DEFAULT NULL,
  `ip_address` varchar(45) DEFAULT NULL,
  `user_agent` text DEFAULT NULL,
  `payload` longtext NOT NULL,
  `last_activity` int(11) NOT NULL
) ENGINE=InnoDB DEFAULT CHARSET=utf8mb4 COLLATE=utf8mb4_unicode_ci;

-- --------------------------------------------------------

--
-- Table structure for table `statuses`
--

CREATE TABLE `statuses` (
  `id` bigint(20) UNSIGNED NOT NULL,
  `name` varchar(255) NOT NULL,
  `description` text DEFAULT NULL,
  `created_at` timestamp NULL DEFAULT NULL,
  `updated_at` timestamp NULL DEFAULT NULL
) ENGINE=InnoDB DEFAULT CHARSET=utf8mb4 COLLATE=utf8mb4_unicode_ci;

--
-- Dumping data for table `statuses`
--

INSERT INTO `statuses` (`id`, `name`, `description`, `created_at`, `updated_at`) VALUES
(1, 'Pending', 'Order has been placed but not processed yet', '2025-04-05 20:49:10', '2025-04-05 20:49:10'),
(2, 'Processing', 'Order is being processed', '2025-04-05 20:49:10', '2025-04-05 20:49:10'),
(3, 'Delivered', 'Order has been delivered to the customer', '2025-04-05 20:49:10', '2025-04-05 20:49:10'),
(4, 'Cancelled', 'Order has been cancelled', '2025-04-05 20:49:10', '2025-04-05 20:49:10'),
(5, 'Returned', 'Order has been returned by the customer', '2025-04-05 20:49:10', '2025-04-05 20:49:10');

-- --------------------------------------------------------

--
-- Table structure for table `stocks`
--

CREATE TABLE `stocks` (
  `item_id` bigint(20) UNSIGNED NOT NULL,
  `quantity` int(11) NOT NULL,
  `created_at` timestamp NULL DEFAULT NULL,
  `updated_at` timestamp NULL DEFAULT NULL
) ENGINE=InnoDB DEFAULT CHARSET=utf8mb4 COLLATE=utf8mb4_unicode_ci;

--
-- Dumping data for table `stocks`
--

INSERT INTO `stocks` (`item_id`, `quantity`, `created_at`, `updated_at`) VALUES
(1, 66, '2025-04-05 20:49:10', '2025-04-05 20:49:10'),
(2, 26, '2025-04-05 20:49:10', '2025-04-05 20:49:10'),
(3, 83, '2025-04-05 20:49:10', '2025-04-05 20:49:10'),
(4, 43, '2025-04-05 20:49:10', '2025-04-05 20:49:10'),
(5, 81, '2025-04-05 20:49:10', '2025-04-05 20:49:10'),
(6, 82, '2025-04-05 20:49:10', '2025-04-05 20:49:10'),
(7, 35, '2025-04-05 20:49:10', '2025-04-05 20:49:10'),
(8, 66, '2025-04-05 20:49:10', '2025-04-05 20:49:10'),
(9, 16, '2025-04-05 20:49:10', '2025-04-05 20:49:10'),
(10, 25, '2025-04-05 20:49:10', '2025-04-05 20:49:10'),
(11, 10, '2025-04-05 20:49:10', '2025-04-05 20:49:10'),
(12, 71, '2025-04-05 20:49:10', '2025-04-05 20:49:10'),
(13, 89, '2025-04-05 20:49:10', '2025-04-05 20:49:10'),
(14, 52, '2025-04-05 20:49:10', '2025-04-05 20:49:10'),
(15, 73, '2025-04-05 20:49:10', '2025-04-05 20:49:10'),
(16, 80, '2025-04-05 20:49:10', '2025-04-05 20:49:10'),
(17, 30, '2025-04-05 20:49:10', '2025-04-05 20:49:10'),
(18, 53, '2025-04-05 20:49:10', '2025-04-05 20:49:10'),
(19, 69, '2025-04-05 20:49:10', '2025-04-05 20:49:10'),
(20, 40, '2025-04-05 20:49:10', '2025-04-05 20:49:10'),
(21, 83, '2025-04-05 20:49:10', '2025-04-05 20:49:10'),
(22, 20, '2025-04-05 20:49:10', '2025-04-05 20:49:10'),
(23, 40, '2025-04-05 20:49:10', '2025-04-05 20:49:10'),
(24, 99, '2025-04-05 20:49:10', '2025-04-05 20:49:10'),
(25, 88, '2025-04-05 20:49:10', '2025-04-05 20:49:10'),
(26, 23, '2025-04-05 20:49:10', '2025-04-05 20:49:10'),
(27, 57, '2025-04-05 20:49:10', '2025-04-05 20:49:10'),
(28, 42, '2025-04-05 20:49:10', '2025-04-05 20:49:10'),
(29, 96, '2025-04-05 20:49:10', '2025-04-05 20:49:10'),
(30, 10, '2025-04-05 20:49:10', '2025-04-05 20:49:10'),
(31, 82, '2025-04-05 20:49:10', '2025-04-05 20:49:10'),
(32, 86, '2025-04-05 20:49:10', '2025-04-05 20:49:10'),
(33, 18, '2025-04-05 20:49:10', '2025-04-05 20:49:10'),
(34, 61, '2025-04-05 20:49:10', '2025-04-05 20:49:10'),
(35, 51, '2025-04-05 20:49:10', '2025-04-05 20:49:10'),
(36, 49, '2025-04-05 20:49:10', '2025-04-05 20:49:10'),
(37, 82, '2025-04-05 20:49:10', '2025-04-05 20:49:10'),
(38, 29, '2025-04-05 20:49:10', '2025-04-05 20:49:10'),
(39, 79, '2025-04-05 20:49:10', '2025-04-05 20:49:10'),
(40, 89, '2025-04-05 20:49:10', '2025-04-05 20:49:10'),
(41, 83, '2025-04-05 20:49:10', '2025-04-05 20:49:10');

-- --------------------------------------------------------

--
-- Table structure for table `users`
--

CREATE TABLE `users` (
  `id` bigint(20) UNSIGNED NOT NULL,
  `name` varchar(255) NOT NULL,
  `email` varchar(255) NOT NULL,
  `email_verified_at` timestamp NULL DEFAULT NULL,
  `password` varchar(255) NOT NULL,
  `role` enum('admin','staff','customer') NOT NULL DEFAULT 'customer',
  `role_id` bigint(20) UNSIGNED DEFAULT NULL,
  `status` enum('activated','deactivated') NOT NULL DEFAULT 'activated',
  `photo` varchar(255) DEFAULT NULL,
  `remember_token` varchar(100) DEFAULT NULL,
  `created_at` timestamp NULL DEFAULT NULL,
  `updated_at` timestamp NULL DEFAULT NULL
) ENGINE=InnoDB DEFAULT CHARSET=utf8mb4 COLLATE=utf8mb4_unicode_ci;

--
-- Dumping data for table `users`
--

INSERT INTO `users` (`id`, `name`, `email`, `email_verified_at`, `password`, `role`, `role_id`, `status`, `photo`, `remember_token`, `created_at`, `updated_at`) VALUES
(1, 'Admin User', 'admin@example.com', '2025-04-05 20:49:09', '$2y$12$/O4p6lGvB6cONGUAIoyxU.oXD1cC34gGuNruXYvGptcfaY206LJAK', 'admin', 1, 'activated', NULL, NULL, '2025-04-05 20:49:09', '2025-04-05 20:49:09'),
(2, 'Staff User', 'staff@example.com', '2025-04-05 20:49:09', '$2y$12$s9TkFzjyvdiJIwJjMWqO7ez3RNSayvfa3cRAldDDrvoOQdA9Sw8E2', 'staff', 2, 'activated', NULL, NULL, '2025-04-05 20:49:09', '2025-04-05 20:49:09'),
(3, 'Staff Manager', 'manager@example.com', '2025-04-05 20:49:09', '$2y$12$lCWoWuWKNosa594sJY3Sxu/QfvWlijZCfXC6qQ2nHStvcyubVjVhe', 'staff', 2, 'activated', NULL, NULL, '2025-04-05 20:49:09', '2025-04-05 20:49:09'),
(4, 'John Doe', 'john@example.com', '2025-04-05 20:49:09', '$2y$12$MA.me1LcywqnrkK5awPqHucMJsA/VZxidrSrP./7h3QIJHbCUVjWK', 'customer', 3, 'activated', NULL, NULL, '2025-04-05 20:49:10', '2025-04-05 20:49:10'),
(5, 'Jane Smith', 'jane@example.com', '2025-04-05 20:49:09', '$2y$12$2LRJRGxVKLaTeP4LeqcnNOVJ75NaZ73I5cKSoCeSmDFtVL9J.YVge', 'customer', 3, 'activated', NULL, NULL, '2025-04-05 20:49:10', '2025-04-05 20:49:10'),
(6, 'Bob Johnson', 'bob@example.com', '2025-04-05 20:49:09', '$2y$12$7OPSmswiM3zGigHjnskF/.LaK5Q2A1DLDmAjm/Vuo.EqmmscSA8ZS', 'customer', 3, 'activated', NULL, NULL, '2025-04-05 20:49:10', '2025-04-05 20:49:10'),
(7, 'Alice Brown', 'alice@example.com', '2025-04-05 20:49:10', '$2y$12$C4eMCdV7s4m0fVr3n7Anr.ogQflyakStm.TMWv1DZa.V.0SdsC/fe', 'customer', 3, 'activated', NULL, NULL, '2025-04-05 20:49:10', '2025-04-05 20:49:10'),
(8, 'Inactive User', 'inactive@example.com', '2025-04-05 20:49:10', '$2y$12$NROp2wTHlZnyWlWPHSXPu.Ln4sgdg3d8QaKtd1ITV.Vq8.6.oLGra', 'customer', 3, 'deactivated', NULL, NULL, '2025-04-05 20:49:10', '2025-04-05 20:49:10');

--
-- Indexes for dumped tables
--

--
-- Indexes for table `authors`
--
ALTER TABLE `authors`
  ADD PRIMARY KEY (`id`);

--
-- Indexes for table `author_item`
--
ALTER TABLE `author_item`
  ADD PRIMARY KEY (`id`),
  ADD UNIQUE KEY `author_item_author_id_item_id_role_unique` (`author_id`,`item_id`,`role`),
  ADD KEY `author_item_item_id_foreign` (`item_id`);

--
-- Indexes for table `bad_words`
--
ALTER TABLE `bad_words`
  ADD PRIMARY KEY (`id`);

--
-- Indexes for table `customers`
--
ALTER TABLE `customers`
  ADD PRIMARY KEY (`id`),
  ADD KEY `customers_user_id_foreign` (`user_id`);

--
-- Indexes for table `failed_jobs`
--
ALTER TABLE `failed_jobs`
  ADD PRIMARY KEY (`id`),
  ADD UNIQUE KEY `failed_jobs_uuid_unique` (`uuid`);

--
-- Indexes for table `genres`
--
ALTER TABLE `genres`
  ADD PRIMARY KEY (`id`);

--
-- Indexes for table `genre_item`
--
ALTER TABLE `genre_item`
  ADD PRIMARY KEY (`id`),
  ADD UNIQUE KEY `genre_item_genre_id_item_id_unique` (`genre_id`,`item_id`),
  ADD KEY `genre_item_item_id_foreign` (`item_id`);

--
-- Indexes for table `items`
--
ALTER TABLE `items`
  ADD PRIMARY KEY (`id`),
  ADD KEY `items_publisher_id_foreign` (`publisher_id`);

--
-- Indexes for table `item_images`
--
ALTER TABLE `item_images`
  ADD PRIMARY KEY (`id`),
  ADD KEY `item_images_item_id_foreign` (`item_id`);

--
-- Indexes for table `migrations`
--
ALTER TABLE `migrations`
  ADD PRIMARY KEY (`id`);

--
-- Indexes for table `orderinfos`
--
ALTER TABLE `orderinfos`
  ADD PRIMARY KEY (`id`),
  ADD KEY `orderinfos_customer_id_foreign` (`customer_id`),
  ADD KEY `orderinfos_status_id_foreign` (`status_id`);

--
-- Indexes for table `orderlines`
--
ALTER TABLE `orderlines`
  ADD PRIMARY KEY (`orderinfo_id`,`item_id`),
  ADD KEY `orderlines_item_id_foreign` (`item_id`);

--
-- Indexes for table `password_resets`
--
ALTER TABLE `password_resets`
  ADD KEY `password_resets_email_index` (`email`);

--
-- Indexes for table `password_reset_tokens`
--
ALTER TABLE `password_reset_tokens`
  ADD PRIMARY KEY (`email`);

--
-- Indexes for table `personal_access_tokens`
--
ALTER TABLE `personal_access_tokens`
  ADD PRIMARY KEY (`id`),
  ADD UNIQUE KEY `personal_access_tokens_token_unique` (`token`),
  ADD KEY `personal_access_tokens_tokenable_type_tokenable_id_index` (`tokenable_type`,`tokenable_id`);

--
-- Indexes for table `publishers`
--
ALTER TABLE `publishers`
  ADD PRIMARY KEY (`id`);

--
-- Indexes for table `reviews`
--
ALTER TABLE `reviews`
  ADD PRIMARY KEY (`id`),
  ADD KEY `reviews_user_id_foreign` (`user_id`),
  ADD KEY `reviews_item_id_foreign` (`item_id`);

--
-- Indexes for table `roles`
--
ALTER TABLE `roles`
  ADD PRIMARY KEY (`id`),
  ADD UNIQUE KEY `roles_slug_unique` (`slug`);

--
-- Indexes for table `sessions`
--
ALTER TABLE `sessions`
  ADD PRIMARY KEY (`id`),
  ADD KEY `sessions_user_id_index` (`user_id`),
  ADD KEY `sessions_last_activity_index` (`last_activity`);

--
-- Indexes for table `statuses`
--
ALTER TABLE `statuses`
  ADD PRIMARY KEY (`id`);

--
-- Indexes for table `stocks`
--
ALTER TABLE `stocks`
  ADD PRIMARY KEY (`item_id`);

--
-- Indexes for table `users`
--
ALTER TABLE `users`
  ADD PRIMARY KEY (`id`),
  ADD UNIQUE KEY `users_email_unique` (`email`),
  ADD KEY `users_role_id_foreign` (`role_id`);

--
-- AUTO_INCREMENT for dumped tables
--

--
-- AUTO_INCREMENT for table `authors`
--
ALTER TABLE `authors`
  MODIFY `id` bigint(20) UNSIGNED NOT NULL AUTO_INCREMENT, AUTO_INCREMENT=61;

--
-- AUTO_INCREMENT for table `author_item`
--
ALTER TABLE `author_item`
  MODIFY `id` bigint(20) UNSIGNED NOT NULL AUTO_INCREMENT, AUTO_INCREMENT=122;

--
-- AUTO_INCREMENT for table `bad_words`
--
ALTER TABLE `bad_words`
  MODIFY `id` bigint(20) UNSIGNED NOT NULL AUTO_INCREMENT;

--
-- AUTO_INCREMENT for table `customers`
--
ALTER TABLE `customers`
  MODIFY `id` bigint(20) UNSIGNED NOT NULL AUTO_INCREMENT, AUTO_INCREMENT=6;

--
-- AUTO_INCREMENT for table `failed_jobs`
--
ALTER TABLE `failed_jobs`
  MODIFY `id` bigint(20) UNSIGNED NOT NULL AUTO_INCREMENT;

--
-- AUTO_INCREMENT for table `genres`
--
ALTER TABLE `genres`
  MODIFY `id` bigint(20) UNSIGNED NOT NULL AUTO_INCREMENT, AUTO_INCREMENT=34;

--
-- AUTO_INCREMENT for table `genre_item`
--
ALTER TABLE `genre_item`
  MODIFY `id` bigint(20) UNSIGNED NOT NULL AUTO_INCREMENT, AUTO_INCREMENT=256;

--
-- AUTO_INCREMENT for table `items`
--
ALTER TABLE `items`
  MODIFY `id` bigint(20) UNSIGNED NOT NULL AUTO_INCREMENT, AUTO_INCREMENT=42;

--
-- AUTO_INCREMENT for table `item_images`
--
ALTER TABLE `item_images`
  MODIFY `id` bigint(20) UNSIGNED NOT NULL AUTO_INCREMENT, AUTO_INCREMENT=209;

--
-- AUTO_INCREMENT for table `migrations`
--
ALTER TABLE `migrations`
  MODIFY `id` int(10) UNSIGNED NOT NULL AUTO_INCREMENT, AUTO_INCREMENT=26;

--
-- AUTO_INCREMENT for table `orderinfos`
--
ALTER TABLE `orderinfos`
  MODIFY `id` bigint(20) UNSIGNED NOT NULL AUTO_INCREMENT;

--
-- AUTO_INCREMENT for table `personal_access_tokens`
--
ALTER TABLE `personal_access_tokens`
  MODIFY `id` bigint(20) UNSIGNED NOT NULL AUTO_INCREMENT;

--
-- AUTO_INCREMENT for table `publishers`
--
ALTER TABLE `publishers`
  MODIFY `id` bigint(20) UNSIGNED NOT NULL AUTO_INCREMENT, AUTO_INCREMENT=17;

--
-- AUTO_INCREMENT for table `reviews`
--
ALTER TABLE `reviews`
  MODIFY `id` bigint(20) UNSIGNED NOT NULL AUTO_INCREMENT;

--
-- AUTO_INCREMENT for table `roles`
--
ALTER TABLE `roles`
  MODIFY `id` bigint(20) UNSIGNED NOT NULL AUTO_INCREMENT, AUTO_INCREMENT=4;

--
-- AUTO_INCREMENT for table `statuses`
--
ALTER TABLE `statuses`
  MODIFY `id` bigint(20) UNSIGNED NOT NULL AUTO_INCREMENT, AUTO_INCREMENT=6;

--
-- AUTO_INCREMENT for table `users`
--
ALTER TABLE `users`
  MODIFY `id` bigint(20) UNSIGNED NOT NULL AUTO_INCREMENT, AUTO_INCREMENT=9;

--
-- Constraints for dumped tables
--

--
-- Constraints for table `author_item`
--
ALTER TABLE `author_item`
  ADD CONSTRAINT `author_item_author_id_foreign` FOREIGN KEY (`author_id`) REFERENCES `authors` (`id`) ON DELETE CASCADE,
  ADD CONSTRAINT `author_item_item_id_foreign` FOREIGN KEY (`item_id`) REFERENCES `items` (`id`) ON DELETE CASCADE;

--
-- Constraints for table `customers`
--
ALTER TABLE `customers`
  ADD CONSTRAINT `customers_user_id_foreign` FOREIGN KEY (`user_id`) REFERENCES `users` (`id`) ON DELETE CASCADE;

--
-- Constraints for table `genre_item`
--
ALTER TABLE `genre_item`
  ADD CONSTRAINT `genre_item_genre_id_foreign` FOREIGN KEY (`genre_id`) REFERENCES `genres` (`id`) ON DELETE CASCADE,
  ADD CONSTRAINT `genre_item_item_id_foreign` FOREIGN KEY (`item_id`) REFERENCES `items` (`id`) ON DELETE CASCADE;

--
-- Constraints for table `items`
--
ALTER TABLE `items`
  ADD CONSTRAINT `items_publisher_id_foreign` FOREIGN KEY (`publisher_id`) REFERENCES `publishers` (`id`) ON DELETE SET NULL;

--
-- Constraints for table `item_images`
--
ALTER TABLE `item_images`
  ADD CONSTRAINT `item_images_item_id_foreign` FOREIGN KEY (`item_id`) REFERENCES `items` (`id`) ON DELETE CASCADE;

--
-- Constraints for table `orderinfos`
--
ALTER TABLE `orderinfos`
  ADD CONSTRAINT `orderinfos_customer_id_foreign` FOREIGN KEY (`customer_id`) REFERENCES `customers` (`id`),
  ADD CONSTRAINT `orderinfos_status_id_foreign` FOREIGN KEY (`status_id`) REFERENCES `statuses` (`id`);

--
-- Constraints for table `orderlines`
--
ALTER TABLE `orderlines`
  ADD CONSTRAINT `orderlines_item_id_foreign` FOREIGN KEY (`item_id`) REFERENCES `items` (`id`) ON DELETE CASCADE,
  ADD CONSTRAINT `orderlines_orderinfo_id_foreign` FOREIGN KEY (`orderinfo_id`) REFERENCES `orderinfos` (`id`) ON DELETE CASCADE;

--
-- Constraints for table `reviews`
--
ALTER TABLE `reviews`
  ADD CONSTRAINT `reviews_item_id_foreign` FOREIGN KEY (`item_id`) REFERENCES `items` (`id`) ON DELETE CASCADE,
  ADD CONSTRAINT `reviews_user_id_foreign` FOREIGN KEY (`user_id`) REFERENCES `users` (`id`) ON DELETE CASCADE;

--
-- Constraints for table `stocks`
--
ALTER TABLE `stocks`
  ADD CONSTRAINT `stocks_item_id_foreign` FOREIGN KEY (`item_id`) REFERENCES `items` (`id`) ON DELETE CASCADE;

--
-- Constraints for table `users`
--
ALTER TABLE `users`
  ADD CONSTRAINT `users_role_id_foreign` FOREIGN KEY (`role_id`) REFERENCES `roles` (`id`);
COMMIT;

/*!40101 SET CHARACTER_SET_CLIENT=@OLD_CHARACTER_SET_CLIENT */;
/*!40101 SET CHARACTER_SET_RESULTS=@OLD_CHARACTER_SET_RESULTS */;
/*!40101 SET COLLATION_CONNECTION=@OLD_COLLATION_CONNECTION */;
